NO.;NOPOL;FUNGSIONAL;OWNERSHIP;OWNER;UNIT TYPE;V. GPS;SITE;AREA;AMBIL/ TIDAK;KATEGORI;KATEGORI;Limit_KG;Taken
1;B9011UEA;LOGISTIK;OWN;OWN;TRAILER;INNOVATRACK;ESSAR;JAKARTA;AMBIL;45 ton;45 ;45000;1
2;B9014UEA;LOGISTIK;OWN;OWN;TRAILER;OSLOG;ESSAR;JAKARTA;AMBIL;45 ton;45 ;45000;1
3;B9015BL;LOGISTIK;OWN;OWN;TIPPING DUMP;OSLOG;ZPLAN JUAL;JAKARTA;TIDAK;;0;0;0
4;B9015UEA;LOGISTIK;OWN;OWN;TRAILER;A TRACK;ZPLAN JUAL;JAKARTA;AMBIL;45 ton;45 ;45000;1
5;B9016UEA;LOGISTIK;OWN;OWN;TRAILER;OSLOG;ZPLAN JUAL;JAKARTA;AMBIL;45 ton;45 ;45000;1
6;B9017UEA;LOGISTIK;OWN;OWN;TRAILER;INNOVATRACK;ESSAR;JAKARTA;AMBIL;45 ton;45 ;45000;1
7;B9018UEA;LOGISTIK;OWN;OWN;TRAILER;OSLOG;ESSAR;JAKARTA;AMBIL;45 ton;45 ;45000;1
8;B9030UEJ;LOGISTIK;OWN;OWN;TRAILER;OSLOG;ZPLAN JUAL;JAKARTA;AMBIL;45 ton;45 ;45000;1
9;B9058SXS;LOGISTIK;OWN;OWN;CDD CHILLER;OSLOG;NL SURABAYA;SURABAYA;AMBIL;5 TON;5 ;5000;1
10;B9059SXS;LOGISTIK;OWN;OWN;CDE CHILLER;OSLOG;NL SURABAYA;SURABAYA;AMBIL;3 TON;3 ;3000;1
11;B9060SXS;LOGISTIK;OWN;OWN;CDE CHILLER;OSLOG;NL SURABAYA;SURABAYA;AMBIL;3 TON;3 ;3000;1
12;B9061SXS;LOGISTIK;OWN;OWN;CDE CHILLER;OSLOG;NL SURABAYA;SURABAYA;AMBIL;3 TON;3 ;3000;1
13;B9062SXS;LOGISTIK;OWN;OWN;CDE CHILLER;OSLOG;NL SURABAYA;SURABAYA;AMBIL;3 TON;3 ;3000;1
14;B9063SXS;LOGISTIK;OWN;OWN;CDE CHILLER;OSLOG;NL SURABAYA;SURABAYA;AMBIL;3 TON;3 ;3000;1
15;B9064SXS;LOGISTIK;OWN;OWN;CDE CHILLER;OSLOG;NL SURABAYA;SURABAYA;AMBIL;3 TON;3 ;3000;1
16;B9066UCK;LOGISTIK;OWN;OWN;CDE BOX;OSLOG;CML CIBITUNG;JAKARTA;AMBIL;3 TON;3 ;3000;1
17;B9067UCK;LOGISTIK;OWN;OWN;CDE BOX;OSLOG;CML CIBITUNG;JAKARTA;AMBIL;3 TON;3 ;3000;1
18;B9068SXS;LOGISTIK;OWN;OWN;CDE CHILLER;OSLOG;NL SURABAYA;SURABAYA;AMBIL;3 TON;3 ;3000;1
19;B9068UCK;RENTAL;OWN;OWN;CDE BOX;OSLOG;CML CIBITUNG;JAKARTA;AMBIL;3 TON;3 ;3000;1
20;B9068ZW;LOGISTIK;OWN;OWN;CDD LOSS BAK;OSLOG;AMA;JAKARTA;AMBIL;5 TON;5 ;5000;1
21;B9069SXS;LOGISTIK;OWN;OWN;CDE CHILLER;OSLOG;NL SURABAYA;SURABAYA;AMBIL;3 TON;3 ;3000;1
22;B9069UCK;LOGISTIK;OWN;OWN;CDE BOX;OSLOG;CML CIBITUNG;JAKARTA;AMBIL;3 TON;3 ;3000;1
23;B9070UCK;RENTAL;OWN;OWN;CDE BOX;OSLOG;CML CIBITUNG;JAKARTA;AMBIL;3 TON;3 ;3000;1
24;B9071UCK;RENTAL;OWN;OWN;CDE BOX;OSLOG;CML CIBITUNG;JAKARTA;AMBIL;3 TON;3 ;3000;1
25;B9073UCK;RENTAL;OWN;OWN;CDE BOX;OSLOG;CML CIBITUNG;JAKARTA;AMBIL;3 TON;3 ;3000;1
26;B9074UCK;RENTAL;OWN;OWN;CDE BOX;OSLOG;CML CIBITUNG;JAKARTA;AMBIL;3 TON;3 ;3000;1
27;B9081IG;LOGISTIK;OWN;OWN;CDE BOX;OSLOG;CML CIBITUNG;JAKARTA;AMBIL;3 TON;3 ;3000;1
28;B9104ZJ;LOGISTIK;OWN;OWN;L300;OSLOG;SURABAYA;SURABAYA;AMBIL;1 TON;1 ;1000;1
29;B9112UCC;LOGISTIK;OWN;OWN;CDE BOX;OSLOG;SINAR MEDOW;JAKARTA;AMBIL;3 TON;3 ;3000;1
30;B9113UCC;LOGISTIK;OWN;OWN;CDE BOX;OSLOG;CML CIBITUNG;JAKARTA;AMBIL;3 TON;3 ;3000;1
31;B9118UCC;LOGISTIK;OWN;OWN;CDE BOX;OSLOG;CML CIBITUNG;JAKARTA;AMBIL;3 TON;3 ;3000;1
32;B9121UCC;LOGISTIK;OWN;OWN;CDE BOX;OSLOG;CML CIBITUNG;JAKARTA;AMBIL;3 TON;3 ;3000;1
33;B9125UCC;LOGISTIK;OWN;OWN;CDD BOX;OSLOG;CML CIBITUNG;JAKARTA;AMBIL;5 TON;5 ;5000;1
34;B9126UCC;LOGISTIK;OWN;OWN;CDD BOX;OSLOG;CML CIBITUNG;JAKARTA;AMBIL;5 TON;5 ;5000;1
35;B9145GJ;LOGISTIK;OWN;OWN;CDE BOX;OSLOG;CML CIBITUNG;JAKARTA;AMBIL;3 TON;3 ;3000;1
36;B9150FXS;RENTAL;OWN;OWN;CDD CHILLER;OSLOG;ABC KOGEN;JAKARTA;AMBIL;5 TON;5 ;5000;1
37;B9151FXS;RENTAL;OWN;OWN;CDE CHILLER;OSLOG;MARUNDA;JAKARTA;AMBIL;3 TON;3 ;3000;1
38;B9152FXS;RENTAL;OWN;OWN;CDD BOX;OSLOG;CML CIBITUNG;JAKARTA;AMBIL;5 TON;5 ;5000;1
39;B9154FXS;RENTAL;OWN;OWN;CDD BOX;OSLOG;CML CIBITUNG;JAKARTA;AMBIL;5 TON;5 ;5000;1
40;B9155FXS;RENTAL;OWN;OWN;CDE CHILLER;OSLOG;NL NAROGONG;JAKARTA;AMBIL;3 TON;3 ;3000;1
41;B9156FXS;RENTAL;OWN;OWN;CDE CHILLER;OSLOG;MARUNDA;MEDAN;AMBIL;3 TON;3 ;3000;1
42;B9157FXS;RENTAL;OWN;OWN;CDE CHILLER;OSLOG;MARUNDA;JAKARTA;AMBIL;3 TON;3 ;3000;1
43;B9158FXS;RENTAL;OWN;OWN;CDE CHILLER;OSLOG;MARUNDA;JAKARTA;AMBIL;3 TON;3 ;3000;1
44;B9159FXS;RENTAL;OWN;OWN;CDE CHILLER;OSLOG;MARUNDA;JAKARTA;AMBIL;3 TON;3 ;3000;1
45;B9160FXS;RENTAL;OWN;OWN;CDE CHILLER;OSLOG;RENTAL;JAKARTA;AMBIL;3 TON;3 ;3000;1
46;B9161FXS;RENTAL;OWN;OWN;CDE CHILLER;OSLOG;MARUNDA;JAKARTA;AMBIL;3 TON;3 ;3000;1
47;B9162FXS;RENTAL;OWN;OWN;CDE CHILLER;OSLOG;NL NAROGONG;JAKARTA;AMBIL;3 TON;3 ;3000;1
48;B9163FXS;RENTAL;OWN;OWN;CDE CHILLER;OSLOG;RENTAL;JAKARTA;AMBIL;3 TON;3 ;3000;1
49;B9163SCD;RENTAL;OWN;OWN;L300;OSLOG;CML CIBITUNG;JAKARTA;AMBIL;1 TON;1 ;1000;1
50;B9165SCD;RENTAL;OWN;OWN;L300;OSLOG;CML CIBITUNG;JAKARTA;AMBIL;1 TON;1 ;1000;1
51;B9166SCD;RENTAL;OWN;OWN;L300;OSLOG;CML CIBITUNG;JAKARTA;AMBIL;1 TON;1 ;1000;1
52;B9167SCD;RENTAL;OWN;OWN;L300;OSLOG;CML CIBITUNG;JAKARTA;AMBIL;1 TON;1 ;1000;1
53;B9168SCD;RENTAL;OWN;OWN;L300;OSLOG;CML CIBITUNG;JAKARTA;AMBIL;1 TON;1 ;1000;1
54;B9171SCD;RENTAL;OWN;OWN;L300;OSLOG;CML CIBITUNG;JAKARTA;AMBIL;1 TON;1 ;1000;1
55;B9172SCD;RENTAL;OWN;OWN;L300;OSLOG;CML CIBITUNG;JAKARTA;AMBIL;1 TON;1 ;1000;1
56;B9204FYV;RENTAL;OWN;OWN;CDD LOSS BAK;OSLOG;AMA;JAKARTA;AMBIL;5 TON;5 ;5000;1
57;B9205FYV;RENTAL;OWN;OWN;CDD BOX;OSLOG;ITC ENEX;JAKARTA;AMBIL;5 TON;5 ;5000;1
58;B9206UCD;LOGISTIK;OWN;OWN;CDE BOX;OSLOG;SURABAYA;SURABAYA;AMBIL;3 TON;3 ;3000;1
59;B9216IT;LOGISTIK;OWN;OWN;CDD BOX;OSLOG;SURABAYA;SURABAYA;AMBIL;5 TON;5 ;5000;1
60;B9229UYX;LOGISTIK;OWN;OWN;DUMP TRUCK;OSLOG;SEMPER;JAKARTA;TIDAK;;0;0;0
61;B9233UYX;LOGISTIK;OWN;OWN;DUMP TRUCK;OSLOG;SEMPER;JAKARTA;TIDAK;;0;0;0
62;B9267WF;LOGISTIK;OWN;OWN;TRAILER;OSLOG;ZPLAN JUAL;JAKARTA;AMBIL;45 ton;45 ;45000;1
63;B9312UT;LOGISTIK;OWN;OWN;WINGBOX;OSLOG;MARUNDA;JAKARTA;AMBIL;15 TON;15 ;15000;1
64;B9314UT;LOGISTIK;OWN;OWN;WINGBOX;OSLOG;MARUNDA;JAKARTA;AMBIL;15 TON;15 ;15000;1
65;B9316UT;LOGISTIK;OWN;OWN;WINGBOX;OSLOG;SURABAYA;SURABAYA;AMBIL;15 TON;15 ;15000;1
66;B9317UT;LOGISTIK;OWN;OWN;WINGBOX;OSLOG;SURABAYA;SURABAYA;AMBIL;15 TON;15 ;15000;1
67;B9390UDB;LOGISTIK;OWN;OWN;CDD LOSS BAK;OSLOG;SIKA;JAKARTA;AMBIL;5 TON;5 ;5000;1
68;B9396UDB;LOGISTIK;OWN;OWN;CDD LOSS BAK;OSLOG;AMA;JAKARTA;AMBIL;5 TON;5 ;5000;1
69;B9397UDB;LOGISTIK;OWN;OWN;CDD LOSS BAK;OSLOG;AMA;JAKARTA;AMBIL;5 TON;5 ;5000;1
70;B9398UDB;LOGISTIK;OWN;OWN;CDD LOSS BAK;A TRACK;AMA;JAKARTA;AMBIL;5 TON;5 ;5000;1
71;B9399UDB;LOGISTIK;OWN;OWN;CDD LOSS BAK;OSLOG;HMS;JAKARTA;AMBIL;5 TON;5 ;5000;1
72;B9404UEU;LOGISTIK;OWN;OWN;WINGBOX;OSLOG;SURABAYA;SURABAYA;AMBIL;15 TON;15 ;15000;1
73;B9405UEU;LOGISTIK;OWN;OWN;WINGBOX;OSLOG;MARUNDA;JAKARTA;AMBIL;15 TON;15 ;15000;1
74;B9406UEU;LOGISTIK;OWN;OWN;WINGBOX;OSLOG;SURABAYA;SURABAYA;AMBIL;15 TON;15 ;15000;1
75;B9407UEU;LOGISTIK;OWN;OWN;WINGBOX;OSLOG;SURABAYA;SURABAYA;AMBIL;15 TON;15 ;15000;1
76;B9408UEU;LOGISTIK;OWN;OWN;WINGBOX;OSLOG;SURABAYA;SURABAYA;AMBIL;15 TON;15 ;15000;1
77;B9409UEU;LOGISTIK;OWN;OWN;WINGBOX;OSLOG;SURABAYA;SURABAYA;AMBIL;15 TON;15 ;15000;1
78;B9419UEU;LOGISTIK;OWN;OWN;WINGBOX;OSLOG;SURABAYA;SURABAYA;AMBIL;15 TON;15 ;15000;1
79;B9420UEU;LOGISTIK;OWN;OWN;WINGBOX;OSLOG;SURABAYA;SURABAYA;AMBIL;15 TON;15 ;15000;1
80;B9421UCA;LOGISTIK;OWN;OWN;CDD BOX;OSLOG;CML CIBITUNG;JAKARTA;AMBIL;5 TON;5 ;5000;1
81;B9421UEU;LOGISTIK;OWN;OWN;WINGBOX;OSLOG;DANONE PANDAAN;SURABAYA;AMBIL;15 TON;15 ;15000;1
82;B9422UCA;LOGISTIK;OWN;OWN;CDD BOX;OSLOG;SURABAYA;SURABAYA;AMBIL;5 TON;5 ;5000;1
83;B9422UEU;LOGISTIK;OWN;OWN;WINGBOX;OSLOG;SURABAYA;SURABAYA;AMBIL;15 TON;15 ;15000;1
84;B9422UXU;LOGISTIK;OWN;OWN;FUSO WB;OSLOG;SMART;JAKARTA;AMBIL;10 TON;10 ;10000;1
85;B9431SCF;RENTAL;OWN;OWN;L300;TIDAK ADA;RENTAL;JAKARTA;AMBIL;1 TON;1 ;1000;1
86;B9432SCF;RENTAL;OWN;OWN;L300;TIDAK ADA;RENTAL;JAKARTA;AMBIL;1 TON;1 ;1000;1
87;B9433SCF;RENTAL;OWN;OWN;L300;TIDAK ADA;RENTAL;JAKARTA;AMBIL;1 TON;1 ;1000;1
88;B9434SCF;RENTAL;OWN;OWN;L300;TIDAK ADA;RENTAL;JAKARTA;AMBIL;1 TON;1 ;1000;1
89;B9435SCF;RENTAL;OWN;OWN;L300;TIDAK ADA;RENTAL;JAKARTA;AMBIL;1 TON;1 ;1000;1
90;B9436SCF;RENTAL;OWN;OWN;L300;TIDAK ADA;RENTAL;JAKARTA;AMBIL;1 TON;1 ;1000;1
91;B9446SCF;RENTAL;OWN;OWN;L300;TIDAK ADA;RENTAL;JAKARTA;AMBIL;1 TON;1 ;1000;1
92;B9450UCA;LOGISTIK;OWN;OWN;CDD BOX;OSLOG;CML CIBITUNG;JAKARTA;AMBIL;5 TON;5 ;5000;1
93;B9451UCA;LOGISTIK;OWN;OWN;CDD BOX;OSLOG;CML CIBITUNG;JAKARTA;AMBIL;5 TON;5 ;5000;1
94;B9467UDE;LOGISTIK;OWN;OWN;DUMP TRUCK;OSLOG;SURABAYA;SURABAYA;TIDAK;;0;0;0
95;B9545BDF;LOGISTIK;LAUTAN LUAS;OWN;DUMP TRUCK;OSLOG;SURABAYA;SURABAYA;TIDAK;;0;0;0
96;B9485UDB;LOGISTIK;OWN;OWN;CDD LOSS BAK;A TRACK;AMA;JAKARTA;AMBIL;5 TON;5 ;5000;1
97;B9488UDD;LOGISTIK;OWN;OWN;FUSO LOSS BAK;OSLOG;ESSAR;JAKARTA;AMBIL;10 TON;10 ;10000;1
98;B9490UDD;LOGISTIK;OWN;OWN;FUSO LOSS BAK;OSLOG;AMA;JAKARTA;AMBIL;10 TON;10 ;10000;1
99;B9491UDD;LOGISTIK;OWN;OWN;FUSO LOSS BAK;INNOVATRACK;ESSAR;JAKARTA;AMBIL;10 TON;10 ;10000;1
100;B9492UDD;LOGISTIK;OWN;OWN;FUSO LOSS BAK;INNOVATRACK;ESSAR;JAKARTA;AMBIL;10 TON;10 ;10000;1
101;B9496UDB;LOGISTIK;OWN;OWN;CDD LOSS BAK;OSLOG;AMA;JAKARTA;AMBIL;5 TON;5 ;5000;1
102;B9497UDB;LOGISTIK;OWN;OWN;CDD LOSS BAK;A TRACK;AMA;JAKARTA;AMBIL;5 TON;5 ;5000;1
103;B9499UDB;LOGISTIK;OWN;OWN;CDD LOSS BAK;OSLOG;AMA;JAKARTA;AMBIL;5 TON;5 ;5000;1
104;B9531SCF;RENTAL;OWN;OWN;L300;TIDAK ADA;RENTAL;JAKARTA;AMBIL;1 TON;1 ;1000;1
105;B9532SCF;RENTAL;OWN;OWN;L300;TIDAK ADA;RENTAL;JAKARTA;AMBIL;1 TON;1 ;1000;1
106;B9534SCF;RENTAL;OWN;OWN;L300;TIDAK ADA;RENTAL;JAKARTA;AMBIL;1 TON;1 ;1000;1
107;B9534UCC;LOGISTIK;OWN;OWN;CDD BOX;OSLOG;SINAR MEDOW;JAKARTA;AMBIL;5 TON;5 ;5000;1
108;B9535SCF;RENTAL;OWN;OWN;L300;TIDAK ADA;RENTAL;JAKARTA;AMBIL;1 TON;1 ;1000;1
109;B9536SCF;RENTAL;OWN;OWN;L300;TIDAK ADA;RENTAL;JAKARTA;AMBIL;1 TON;1 ;1000;1
110;B9537SCF;RENTAL;OWN;OWN;L300;TIDAK ADA;RENTAL;JAKARTA;AMBIL;1 TON;1 ;1000;1
111;B9539SCF;RENTAL;OWN;OWN;L300;TIDAK ADA;RENTAL;JAKARTA;AMBIL;1 TON;1 ;1000;1
112;B9540SCF;RENTAL;OWN;OWN;L300;TIDAK ADA;RENTAL;JAKARTA;AMBIL;1 TON;1 ;1000;1
113;B9550UCB;LOGISTIK;OWN;OWN;CDE BOX;OSLOG;CML CIBITUNG;JAKARTA;AMBIL;3 TON;3 ;3000;1
114;B9552UCB;LOGISTIK;OWN;OWN;CDD BOX;OSLOG;CML CIBITUNG;JAKARTA;AMBIL;5 TON;5 ;5000;1
115;B9563UCA;LOGISTIK;OWN;OWN;L300;OSLOG;CML CIBITUNG;JAKARTA;AMBIL;1 TON;1 ;1000;1
116;B9565SCF;RENTAL;OWN;OWN;L300;TIDAK ADA;RENTAL;JAKARTA;AMBIL;1 TON;1 ;1000;1
117;B9565UCA;LOGISTIK;OWN;OWN;L300;OSLOG;SURABAYA;SURABAYA;AMBIL;1 TON;1 ;1000;1
118;B9567SCF;RENTAL;OWN;OWN;L300;TIDAK ADA;RENTAL;JAKARTA;AMBIL;1 TON;1 ;1000;1
119;B9568SCF;RENTAL;OWN;OWN;L300;TIDAK ADA;RENTAL;JAKARTA;AMBIL;1 TON;1 ;1000;1
120;B9569SCF;RENTAL;OWN;OWN;L300;TIDAK ADA;RENTAL;JAKARTA;AMBIL;1 TON;1 ;1000;1
121;B9570SCF;RENTAL;OWN;OWN;L300;TIDAK ADA;RENTAL;JAKARTA;AMBIL;1 TON;1 ;1000;1
122;B9571SCF;RENTAL;OWN;OWN;L300;TIDAK ADA;RENTAL;JAKARTA;AMBIL;1 TON;1 ;1000;1
123;B9572SCF;RENTAL;OWN;OWN;L300;TIDAK ADA;RENTAL;JAKARTA;AMBIL;1 TON;1 ;1000;1
124;B9607SCF;RENTAL;OWN;OWN;L300;TIDAK ADA;RENTAL;JAKARTA;AMBIL;1 TON;1 ;1000;1
125;B9614UXR;LOGISTIK;OWN;OWN;FUSO WB;OSLOG;SURABAYA;SURABAYA;AMBIL;10 TON;10 ;10000;1
126;B9557JK;LOGISTIK;OWN;OWN;FUSO WB;OSLOG;SMART;JAKARTA;AMBIL;10 TON;10 ;10000;1
127;B9657UDB;LOGISTIK;OWN;OWN;CDD LOSS BAK;INNOVATRACK;AMA;JAKARTA;AMBIL;5 TON;5 ;5000;1
128;B9658UDB;LOGISTIK;OWN;OWN;CDD LOSS BAK;INNOVATRACK;AMA;JAKARTA;AMBIL;5 TON;5 ;5000;1
129;B9659UDB;LOGISTIK;OWN;OWN;CDD LOSS BAK;A TRACK;AMA;JAKARTA;AMBIL;5 TON;5 ;5000;1
130;B9660UDB;LOGISTIK;OWN;OWN;CDD LOSS BAK;INNOVATRACK;AMA;JAKARTA;AMBIL;5 TON;5 ;5000;1
131;B9661UDB;LOGISTIK;OWN;OWN;CDD LOSS BAK;INNOVATRACK;AMA;JAKARTA;AMBIL;5 TON;5 ;5000;1
132;B9662UDB;LOGISTIK;OWN;OWN;CDD LOSS BAK;A TRACK;AMA;JAKARTA;AMBIL;5 TON;5 ;5000;1
133;B9663UDB;LOGISTIK;OWN;OWN;CDD LOSS BAK;A TRACK;AMA;JAKARTA;AMBIL;5 TON;5 ;5000;1
134;B9664UDB;LOGISTIK;OWN;OWN;CDD LOSS BAK;INNOVATRACK;AMA;JAKARTA;AMBIL;5 TON;5 ;5000;1
135;B9665UDB;LOGISTIK;OWN;OWN;CDD LOSS BAK;A TRACK;AMA;JAKARTA;AMBIL;5 TON;5 ;5000;1
136;B9667UDB;LOGISTIK;OWN;OWN;CDD LOSS BAK;A TRACK;AMA;JAKARTA;AMBIL;5 TON;5 ;5000;1
137;B9674JH;RENTAL;OWN;OWN;L300;TIDAK ADA;RENTAL;JAKARTA;AMBIL;1 TON;1 ;1000;1
138;B9705SYM;LOGISTIK;OWN;OWN;CDD BOX;OSLOG;CML CIBITUNG;JAKARTA;AMBIL;5 TON;5 ;5000;1
139;B9706SYM;RENTAL;OWN;OWN;CDD BOX;OSLOG;RENTAL;SEMARANG;AMBIL;5 TON;5 ;5000;1
140;B9707SYM;LOGISTIK;OWN;OWN;CDD BOX;OSLOG;CML CIBITUNG;JAKARTA;AMBIL;5 TON;5 ;5000;1
141;B9708SYM;LOGISTIK;OWN;OWN;CDE BOX;OSLOG;CML CIBITUNG;JAKARTA;AMBIL;3 TON;3 ;3000;1
142;B9709SYM;LOGISTIK;OWN;OWN;CDE BOX;OSLOG;CML CIBITUNG;JAKARTA;AMBIL;3 TON;3 ;3000;1
143;B9710SYM;LOGISTIK;OWN;OWN;CDE BOX;OSLOG;CML CIBITUNG;JAKARTA;AMBIL;3 TON;3 ;3000;1
144;B9711SYM;LOGISTIK;OWN;OWN;CDE BOX;OSLOG;CML CIBITUNG;JAKARTA;AMBIL;3 TON;3 ;3000;1
145;B9712SYM;LOGISTIK;OWN;OWN;CDE BOX;OSLOG;CML CIBITUNG;JAKARTA;AMBIL;3 TON;3 ;3000;1
146;B9715UDB;LOGISTIK;OWN;OWN;CDD LOSS BAK;INNOVATRACK;AMA;JAKARTA;AMBIL;5 TON;5 ;5000;1
147;B9716UDB;LOGISTIK;OWN;OWN;CDD LOSS BAK;INNOVATRACK;AMA;JAKARTA;AMBIL;5 TON;5 ;5000;1
148;B9722UDB;LOGISTIK;OWN;OWN;CDD LOSS BAK;INNOVATRACK;AMA;JAKARTA;AMBIL;5 TON;5 ;5000;1
149;B9723UDB;LOGISTIK;OWN;OWN;CDD LOSS BAK;A TRACK;AMA;JAKARTA;AMBIL;5 TON;5 ;5000;1
150;B9724UDB;RENTAL;OWN;OWN;CDD LOSS BAK;OSLOG;SEMPER;JAKARTA;AMBIL;5 TON;5 ;5000;1
151;B9725UDB;LOGISTIK;OWN;OWN;CDD LOSS BAK;A TRACK;MKI;JAKARTA;AMBIL;5 TON;5 ;5000;1
152;B9733UT;LOGISTIK;OWN;OWN;CDE BOX;OSLOG;CML CIBITUNG;JAKARTA;AMBIL;3 TON;3 ;3000;1
153;B9738SYM;LOGISTIK;OWN;OWN;CDE BOX;OSLOG;SURABAYA;SURABAYA;AMBIL;3 TON;3 ;3000;1
154;B9741SYU;RENTAL;OWN;OWN;TRONTON LOSSBAK;INNOVATRACK;SEMEN INDONESIA;JAKARTA;AMBIL;30 TON;30 ;30000;1
155;B9742SYU;LOGISTIK;OWN;OWN;TRONTON LOSSBAK;A TRACK;SBI;JAKARTA;AMBIL;30 TON;30 ;30000;1
156;B9743SYU;LOGISTIK;OWN;OWN;TRONTON LOSSBAK;A TRACK;SBI;JAKARTA;AMBIL;30 TON;30 ;30000;1
157;B9744OU;LOGISTIK;OWN;OWN;CDE BOX;OSLOG;CML CIBITUNG;JAKARTA;AMBIL;3 TON;3 ;3000;1
158;B9744SYU;RENTAL;OWN;OWN;TRONTON LOSSBAK;INNOVATRACK;IKPP;JAKARTA;AMBIL;30 TON;30 ;30000;1
159;B9745SYU;RENTAL;OWN;OWN;TRONTON LOSSBAK;INNOVATRACK;SEMEN INDONESIA;JAKARTA;AMBIL;30 TON;30 ;30000;1
160;B9747SYM;LOGISTIK;OWN;OWN;CDD BOX;OSLOG;SURABAYA;SURABAYA;AMBIL;5 TON;5 ;5000;1
161;B9756SYU;LOGISTIK;OWN;OWN;TRONTON LOSSBAK;A TRACK;SURABAYA;SURABAYA;AMBIL;30 TON;30 ;30000;1
162;B9757SYU;LOGISTIK;OWN;OWN;TRONTON LOSSBAK;A TRACK;FAJAR PAPER;JAKARTA;AMBIL;30 TON;30 ;30000;1
163;B9758SYU;RENTAL;OWN;OWN;TRONTON LOSSBAK;INNOVATRACK;FAJAR PAPER;JAKARTA;AMBIL;30 TON;30 ;30000;1
164;B9759SYU;LOGISTIK;OWN;OWN;TRONTON LOSSBAK;A TRACK;FAJAR PAPER;JAKARTA;AMBIL;30 TON;30 ;30000;1
165;B9760SYU;RENTAL;OWN;OWN;TRONTON LOSSBAK;A TRACK;SURABAYA;SURABAYA;AMBIL;30 TON;30 ;30000;1
166;B9763UT;LOGISTIK;OWN;OWN;CDE BOX;OSLOG;CML CIBITUNG;JAKARTA;AMBIL;3 TON;3 ;3000;1
167;B9766UT;LOGISTIK;OWN;OWN;CDE BOX;OSLOG;CML CIBITUNG;JAKARTA;AMBIL;3 TON;3 ;3000;1
168;B9768SYM;LOGISTIK;OWN;OWN;CDD LOSS BAK;OSLOG;AMA;JAKARTA;AMBIL;5 TON;5 ;5000;1
169;B9783UYW;LOGISTIK;OWN;OWN;TRONTON LOSSBAK;OSLOG;SEMEN INDONESIA;JAKARTA;AMBIL;30 TON;30 ;30000;1
170;B9784UYW;LOGISTIK;OWN;OWN;TRONTON LOSSBAK;OSLOG;FAJAR PAPER;JAKARTA;AMBIL;30 TON;30 ;30000;1
171;B9785UYW;LOGISTIK;OWN;OWN;TRONTON LOSSBAK;A TRACK;SURABAYA;SURABAYA;AMBIL;30 TON;30 ;30000;1
172;B9786UYW;RENTAL;OWN;OWN;TRONTON LOSSBAK;INNOVATRACK;FAJAR PAPER;JAKARTA;AMBIL;30 TON;30 ;30000;1
173;B9787UYW;LOGISTIK;OWN;OWN;TRONTON LOSSBAK;INNOVATRACK;FAJAR PAPER;JAKARTA;AMBIL;30 TON;30 ;30000;1
174;B9817UDB;LOGISTIK;OWN;OWN;CDD LOSS BAK;INNOVATRACK;AMA;JAKARTA;AMBIL;5 TON;5 ;5000;1
175;B9818UDB;LOGISTIK;OWN;OWN;CDD LOSS BAK;INNOVATRACK;AMA;JAKARTA;AMBIL;5 TON;5 ;5000;1
176;B9819UDB;LOGISTIK;OWN;OWN;CDD LOSS BAK;A TRACK;AMA;JAKARTA;AMBIL;5 TON;5 ;5000;1
177;B9820UDB;LOGISTIK;OWN;OWN;CDD LOSS BAK;A TRACK;MKI;JAKARTA;AMBIL;5 TON;5 ;5000;1
178;B9822UT;LOGISTIK;OWN;OWN;CDD BOX;OSLOG;SURABAYA;SURABAYA;AMBIL;5 TON;5 ;5000;1
179;B9828UYW;LOGISTIK;OWN;OWN;TRONTON LOSSBAK;INNOVATRACK;AMA;JAKARTA;AMBIL;30 TON;30 ;30000;1
180;B9830UYW;LOGISTIK;OWN;OWN;TRONTON LOSSBAK;INNOVATRACK;MARUNDA;JAKARTA;AMBIL;30 TON;30 ;30000;1
181;B9831UYW;LOGISTIK;OWN;OWN;TRONTON LOSSBAK;A TRACK;SEMEN INDONESIA;JAKARTA;AMBIL;30 TON;30 ;30000;1
182;B9832UYW;RENTAL;OWN;OWN;TRONTON LOSSBAK;INNOVATRACK;FAJAR PAPER;JAKARTA;AMBIL;30 TON;30 ;30000;1
183;B9833UYW;LOGISTIK;OWN;OWN;TRONTON LOSSBAK;A TRACK;ESSAR;JAKARTA;AMBIL;30 TON;30 ;30000;1
184;B9834UYW;LOGISTIK;OWN;OWN;TRONTON LOSSBAK;A TRACK;SEMEN INDONESIA;JAKARTA;AMBIL;30 TON;30 ;30000;1
185;B9835UYW;LOGISTIK;OWN;OWN;TRONTON LOSSBAK;OSLOG;ESSAR;JAKARTA;AMBIL;30 TON;30 ;30000;1
186;B9836UYW;LOGISTIK;OWN;OWN;TRONTON LOSSBAK;A TRACK;SEMEN INDONESIA;JAKARTA;AMBIL;30 TON;30 ;30000;1
187;B9837UYW;RENTAL;OWN;OWN;TRONTON LOSSBAK;INNOVATRACK;FAJAR PAPER;JAKARTA;AMBIL;30 TON;30 ;30000;1
188;B9838UYW;LOGISTIK;OWN;OWN;TRONTON LOSSBAK;A TRACK;FAJAR PAPER;JAKARTA;AMBIL;30 TON;30 ;30000;1
189;B9839UYW;LOGISTIK;OWN;OWN;TRONTON LOSSBAK;A TRACK;FAJAR PAPER;JAKARTA;AMBIL;30 TON;30 ;30000;1
190;B9840UYW;RENTAL;OWN;OWN;TRONTON LOSSBAK;INNOVATRACK;FAJAR PAPER;JAKARTA;AMBIL;30 TON;30 ;30000;1
191;B9841UYW;LOGISTIK;OWN;OWN;TRONTON LOSSBAK;OSLOG;ESSAR;JAKARTA;AMBIL;30 TON;30 ;30000;1
192;B9842UYW;RENTAL;OWN;OWN;TRONTON LOSSBAK;INNOVATRACK;IKPP;JAKARTA;AMBIL;30 TON;30 ;30000;1
193;B9843UYW;LOGISTIK;OWN;OWN;TRONTON LOSSBAK;A TRACK;SBI;JAKARTA;AMBIL;30 TON;30 ;30000;1
194;B9844UYW;RENTAL;OWN;OWN;TRONTON LOSSBAK;INNOVATRACK;FAJAR PAPER;JAKARTA;AMBIL;30 TON;30 ;30000;1
195;B9845UYW;LOGISTIK;OWN;OWN;TRONTON LOSSBAK;INNOVATRACK;SURABAYA;SURABAYA;AMBIL;30 TON;30 ;30000;1
196;B9847UYW;LOGISTIK;OWN;OWN;TRONTON LOSSBAK;A TRACK;FAJAR PAPER;JAKARTA;AMBIL;30 TON;30 ;30000;1
197;B9848UYW;RENTAL;OWN;OWN;TRONTON LOSSBAK;INNOVATRACK;AMA;JAKARTA;AMBIL;30 TON;30 ;30000;1
198;B9849UYW;LOGISTIK;OWN;OWN;TRONTON LOSSBAK;A TRACK;SURABAYA;SURABAYA;AMBIL;30 TON;30 ;30000;1
199;B9855SXR;RENTAL;OWN;OWN;CDD CHILLER;OSLOG;NL SEMARANG;JAKARTA;AMBIL;5 TON;5 ;5000;1
200;B9856SXR;RENTAL;OWN;OWN;CDD CHILLER;OSLOG;NL NAROGONG;JAKARTA;AMBIL;5 TON;5 ;5000;1
201;B9857SXR;RENTAL;OWN;OWN;CDE CHILLER;OSLOG;RENTAL;JAKARTA;AMBIL;3 TON;3 ;3000;1
202;B9858SXR;RENTAL;OWN;OWN;CDE CHILLER;OSLOG;RENTAL;JAKARTA;AMBIL;3 TON;3 ;3000;1
203;B9861SXR;RENTAL;OWN;OWN;CDE CHILLER;OSLOG;NL NAROGONG;JAKARTA;AMBIL;3 TON;3 ;3000;1
204;B9862SXR;RENTAL;OWN;OWN;CDD CHILLER;OSLOG;NL NAROGONG;JAKARTA;AMBIL;5 TON;5 ;5000;1
205;B9863SXR;RENTAL;OWN;OWN;CDD CHILLER;OSLOG;RENTAL;JAKARTA;AMBIL;5 TON;5 ;5000;1
206;B9864SXR;RENTAL;OWN;OWN;CDE CHILLER;OSLOG;MARUNDA;JAKARTA;AMBIL;3 TON;3 ;3000;1
207;B9865SXR;RENTAL;OWN;OWN;CDE CHILLER;OSLOG;NL NAROGONG;JAKARTA;AMBIL;3 TON;3 ;3000;1
208;B9893UT;LOGISTIK;OWN;OWN;CDE BOX;OSLOG;CML CIBITUNG;JAKARTA;AMBIL;3 TON;3 ;3000;1
209;B9900OJ;RENTAL;OWN;OWN;L300;OSLOG;CML CIBITUNG;JAKARTA;AMBIL;1 TON;1 ;1000;1
210;B9902UEH;LOGISTIK;OWN;OWN;TRAILER;INNOVATRACK;ESSAR;JAKARTA;AMBIL;45 ton;45 ;45000;1
211;B9903UEH;LOGISTIK;OWN;OWN;TRAILER;INNOVATRACK;ESSAR;JAKARTA;AMBIL;45 ton;45 ;45000;1
212;B9905UEH;LOGISTIK;OWN;OWN;TRAILER;INNOVATRACK;ESSAR;JAKARTA;AMBIL;45 ton;45 ;45000;1
213;B9906UEH;LOGISTIK;OWN;OWN;TRAILER;A TRACK;MARUNDA;JAKARTA;AMBIL;45 ton;45 ;45000;1
214;B9907UEH;LOGISTIK;OWN;OWN;TRAILER;INNOVATRACK;ESSAR;JAKARTA;AMBIL;45 ton;45 ;45000;1
215;B9908UEH;LOGISTIK;OWN;OWN;TRAILER;INNOVATRACK;MARUNDA;JAKARTA;AMBIL;45 ton;45 ;45000;1
216;B9916UEH;LOGISTIK;OWN;OWN;TRAILER;OSLOG;MARUNDA;JAKARTA;AMBIL;45 ton;45 ;45000;1
217;B9917UEH;LOGISTIK;OWN;OWN;TRAILER;INNOVATRACK;ESSAR;JAKARTA;AMBIL;45 ton;45 ;45000;1
218;B9918UEH;LOGISTIK;OWN;OWN;TRAILER;INNOVATRACK;MARUNDA;JAKARTA;AMBIL;45 ton;45 ;45000;1
219;B9919UEH;LOGISTIK;OWN;OWN;TRAILER;OSLOG;ESSAR;JAKARTA;AMBIL;45 ton;45 ;45000;1
220;B9922UCB;LOGISTIK;OWN;OWN;L300;OSLOG;CML CIBITUNG;JAKARTA;AMBIL;1 TON;1 ;1000;1
221;B9947UCE;LOGISTIK;OWN;OWN;CDD BOX;OSLOG;DANONE PANDAAN;SURABAYA;AMBIL;5 TON;5 ;5000;1
222;B9948UCE;LOGISTIK;OWN;OWN;CDD BOX;OSLOG;CML CIBITUNG;JAKARTA;AMBIL;5 TON;5 ;5000;1
223;B9958UCE;LOGISTIK;OWN;OWN;CDD BOX;OSLOG;DANONE PANDAAN;SURABAYA;AMBIL;5 TON;5 ;5000;1
224;B9958UT;LOGISTIK;OWN;OWN;CDD BOX;OSLOG;SURABAYA;SURABAYA;AMBIL;5 TON;5 ;5000;1
225;B9959UCE;RENTAL;OWN;OWN;CDD BOX;OSLOG;CML CIBITUNG;JAKARTA;AMBIL;5 TON;5 ;5000;1
226;B9960UCE;LOGISTIK;OWN;OWN;CDD BOX;OSLOG;CML CIBITUNG;JAKARTA;AMBIL;5 TON;5 ;5000;1
227;B9960UT;LOGISTIK;OWN;OWN;CDD BOX;OSLOG;SURABAYA;SURABAYA;AMBIL;5 TON;5 ;5000;1
228;B9962UCE;LOGISTIK;OWN;OWN;CDD BOX;OSLOG;KMI CIHERANG;JAKARTA;AMBIL;5 TON;5 ;5000;1
229;B9963UCE;LOGISTIK;OWN;OWN;CDD BOX;OSLOG;CML CIBITUNG;JAKARTA;AMBIL;5 TON;5 ;5000;1
230;B9968UT;LOGISTIK;OWN;OWN;CDD BOX;OSLOG;SURABAYA;SURABAYA;AMBIL;5 TON;5 ;5000;1
231;B9976SXR;RENTAL;OWN;OWN;CDD CHILLER;OSLOG;NL NAROGONG;JAKARTA;AMBIL;5 TON;5 ;5000;1
232;B9977SXR;RENTAL;OWN;OWN;CDE CHILLER;OSLOG;NL NAROGONG;JAKARTA;AMBIL;3 TON;3 ;3000;1
233;B9978SXR;RENTAL;OWN;OWN;CDD CHILLER;OSLOG;NL NAROGONG;JAKARTA;AMBIL;5 TON;5 ;5000;1
234;B9979SXR;RENTAL;OWN;OWN;CDE CHILLER;OSLOG;NL NAROGONG;JAKARTA;AMBIL;3 TON;3 ;3000;1
235;B9980SXR;RENTAL;OWN;OWN;CDE CHILLER;OSLOG;NL NAROGONG;JAKARTA;AMBIL;3 TON;3 ;3000;1
236;B9981SXR;RENTAL;OWN;OWN;CDD CHILLER;OSLOG;NL NAROGONG;JAKARTA;AMBIL;5 TON;5 ;5000;1
237;B9982SXR;RENTAL;OWN;OWN;CDD CHILLER;OSLOG;NL NAROGONG;JAKARTA;AMBIL;5 TON;5 ;5000;1
238;B9983SXR;RENTAL;OWN;OWN;CDE CHILLER;OSLOG;NL NAROGONG;JAKARTA;AMBIL;3 TON;3 ;3000;1
239;B9984SXR;RENTAL;OWN;OWN;CDD CHILLER;OSLOG;NL NAROGONG;JAKARTA;AMBIL;5 TON;5 ;5000;1
240;B9985SXR;RENTAL;OWN;OWN;CDE CHILLER;OSLOG;NL NAROGONG;JAKARTA;AMBIL;3 TON;3 ;3000;1
241;B9986SXR;RENTAL;OWN;OWN;CDD CHILLER;OSLOG;NL NAROGONG;JAKARTA;AMBIL;5 TON;5 ;5000;1
242;B9987SXR;RENTAL;OWN;OWN;CDE CHILLER;OSLOG;NL NAROGONG;JAKARTA;AMBIL;3 TON;3 ;3000;1
243;D8301GL;LOGISTIK;OWN;OWN;CDD BOX;OSLOG;SINAR MEDOW;JAKARTA;AMBIL;5 TON;5 ;5000;1
244;D8304GL;LOGISTIK;OWN;OWN;CDE BOX;OSLOG;CML CIBITUNG;JAKARTA;AMBIL;3 TON;3 ;3000;1
245;DK8850KL;LOGISTIK;OWN;OWN;CDD BOX;OSLOG;SURABAYA;SURABAYA;AMBIL;5 TON;5 ;5000;1
246;DK8795JK;LOGISTIK;OWN;OWN;L300;OSLOG;SURABAYA;SURABAYA;AMBIL;1 TON;1 ;1000;1
247;B9366SPA;LOGISTIK;OWN;OWN;CDE LOSS BAK;OSLOG;SURABAYA;SURABAYA;AMBIL;3 TON;3 ;3000;1
248;L8217RG;LOGISTIK;OWN;OWN;TRONTON LOSSBAK;OSLOG;SURABAYA;SURABAYA;AMBIL;30 TON;30 ;30000;1
249;L9852BZ;LOGISTIK;OWN;OWN;CDD BOX;OSLOG;SURABAYA;SURABAYA;AMBIL;5 TON;5 ;5000;1
250;B9173BFA;RENTAL;LAUTAN LUAS;OWN;HI-BLOW;TIDAK ADA;CML CIBITUNG;JAKARTA;TIDAK;;0;0;0
251;B9026BL;LOGISTIK;OWN;OWN;CDD LOSS BAK;A TRACK;AMA;JAKARTA;AMBIL;5 TON;5 ;5000;1
252;B9163BXT;LOGISTIK;OPL;OWN;CDD CHILLER;OSLOG;NL SEMARANG;SEMARANG;AMBIL;5 TON;5 ;5000;1
253;B9164BXT;LOGISTIK;OPL;OWN;CDD CHILLER;OSLOG;NL SEMARANG;SEMARANG;AMBIL;5 TON;5 ;5000;1
254;B9162BXT;LOGISTIK;OPL;OWN;CDD CHILLER;OSLOG;NL SEMARANG;SEMARANG;AMBIL;5 TON;5 ;5000;1
255;B9161BXT;LOGISTIK;OPL;OWN;CDD CHILLER;OSLOG;NL SEMARANG;SEMARANG;AMBIL;5 TON;5 ;5000;1
256;B9159BXT;LOGISTIK;OPL;OWN;CDD CHILLER;OSLOG;NL SEMARANG;SEMARANG;AMBIL;5 TON;5 ;5000;1
257;B9167BXT;LOGISTIK;OPL;OWN;CDD CHILLER;OSLOG;NL SEMARANG;SEMARANG;AMBIL;5 TON;5 ;5000;1
258;B9165BXT;LOGISTIK;OPL;OWN;CDD CHILLER;OSLOG;NL SEMARANG;SEMARANG;AMBIL;5 TON;5 ;5000;1
259;B9340IG;LOGISTIK;OWN;OWN;L300;OSLOG;CML CIBITUNG;JAKARTA;AMBIL;1 TON;1 ;1000;1
260;B9959SXR;LOGISTIK;VENDOR;VENDOR;FUSO WB;TIDAK ADA;LNX ILC;JAKARTA;TIDAK;;0;0;0
261;B9070BEV;LOGISTIK;OPL;OWN;WINGBOX;OSLOG;MARUNDA;JAKARTA;AMBIL;20 TON;20 ;20000;1
262;B9072BEV;LOGISTIK;OPL;OWN;WINGBOX;OSLOG;MARUNDA;JAKARTA;AMBIL;20 TON;20 ;20000;1
263;B9074BEV;LOGISTIK;OPL;OWN;WINGBOX;OSLOG;MARUNDA;JAKARTA;AMBIL;20 TON;20 ;20000;1
264;B9078BEV;LOGISTIK;OPL;OWN;WINGBOX;OSLOG;SURABAYA;SURABAYA;AMBIL;20 TON;20 ;20000;1
265;B9079BEV;LOGISTIK;OPL;OWN;WINGBOX;OSLOG;MARUNDA;JAKARTA;AMBIL;20 TON;20 ;20000;1
266;B9081BEV;LOGISTIK;OPL;OWN;WINGBOX;OSLOG;MARUNDA;JAKARTA;AMBIL;20 TON;20 ;20000;1
267;B9083BEV;LOGISTIK;OPL;OWN;WINGBOX;OSLOG;SURABAYA;SURABAYA;AMBIL;20 TON;20 ;20000;1
268;B9084BEV;LOGISTIK;OPL;OWN;WINGBOX;OSLOG;MARUNDA;JAKARTA;AMBIL;20 TON;20 ;20000;1
269;B9086BEV;LOGISTIK;OPL;OWN;WINGBOX;OSLOG;MARUNDA;JAKARTA;AMBIL;20 TON;20 ;20000;1
270;B9088BEV;LOGISTIK;OPL;OWN;WINGBOX;OSLOG;SURABAYA;SURABAYA;AMBIL;20 TON;20 ;20000;1
271;B9104BEV;LOGISTIK;OPL;OWN;WINGBOX;OSLOG;MARUNDA;JAKARTA;AMBIL;20 TON;20 ;20000;1
272;B9077BEV;LOGISTIK;OPL;OWN;WINGBOX;OSLOG;MARUNDA;JAKARTA;AMBIL;20 TON;20 ;20000;1
273;B9092BEV;LOGISTIK;OPL;OWN;WINGBOX;OSLOG;MARUNDA;JAKARTA;AMBIL;20 TON;20 ;20000;1
274;B9102BEV;LOGISTIK;OPL;OWN;WINGBOX;OSLOG;SURABAYA;SURABAYA;AMBIL;20 TON;20 ;20000;1
275;B9075BEV;LOGISTIK;OPL;OWN;WINGBOX;OSLOG;MARUNDA;JAKARTA;AMBIL;20 TON;20 ;20000;1
276;B9080BEV;LOGISTIK;OPL;OWN;WINGBOX;OSLOG;SMART;JAKARTA;AMBIL;20 TON;20 ;20000;1
277;B9082BEV;LOGISTIK;OPL;OWN;WINGBOX;OSLOG;MARUNDA;JAKARTA;AMBIL;20 TON;20 ;20000;1
278;B9073BEV;LOGISTIK;OPL;OWN;WINGBOX;OSLOG;MARUNDA;JAKARTA;AMBIL;20 TON;20 ;20000;1
279;B9076BEV;LOGISTIK;OPL;OWN;WINGBOX;OSLOG;MARUNDA;JAKARTA;AMBIL;20 TON;20 ;20000;1
280;B9071BEV;LOGISTIK;OPL;OWN;WINGBOX;OSLOG;MARUNDA;JAKARTA;AMBIL;20 TON;20 ;20000;1
281;B9290SCH;RENTAL;OWN;OWN;L300;TIDAK ADA;RENTAL;JAKARTA;AMBIL;1 TON;1 ;1000;1
282;B9391SCH;RENTAL;OWN;OWN;L300;OSLOG;RENTAL;JAKARTA;AMBIL;1 TON;1 ;1000;1
283;B9292SCH;RENTAL;OWN;OWN;L300;TIDAK ADA;RENTAL;JAKARTA;AMBIL;1 TON;1 ;1000;1
284;B9316SCH;RENTAL;OWN;OWN;L300;TIDAK ADA;RENTAL;JAKARTA;AMBIL;1 TON;1 ;1000;1
285;B9306SCH;RENTAL;OWN;OWN;L300;TIDAK ADA;RENTAL;JAKARTA;AMBIL;1 TON;1 ;1000;1
286;B9361SCH;RENTAL;OWN;OWN;L300;TIDAK ADA;RENTAL;JAKARTA;AMBIL;1 TON;1 ;1000;1
287;B9300SCH;RENTAL;OWN;OWN;L300;OSLOG;RENTAL;JAKARTA;AMBIL;1 TON;1 ;1000;1
288;B9398SCH;RENTAL;OWN;OWN;L300;OSLOG;RENTAL;JAKARTA;AMBIL;1 TON;1 ;1000;1
289;B9314SCH;RENTAL;OWN;OWN;L300;TIDAK ADA;RENTAL;JAKARTA;AMBIL;1 TON;1 ;1000;1
290;B9365SCH;RENTAL;OWN;OWN;L300;TIDAK ADA;RENTAL;JAKARTA;AMBIL;1 TON;1 ;1000;1
291;B9397SCH;RENTAL;OWN;OWN;L300;OSLOG;RENTAL;JAKARTA;AMBIL;1 TON;1 ;1000;1
292;B9407SCH;RENTAL;OWN;OWN;L300;OSLOG;RENTAL;JAKARTA;AMBIL;1 TON;1 ;1000;1
293;B9390SCH;RENTAL;OWN;OWN;L300;TIDAK ADA;RENTAL;JAKARTA;AMBIL;1 TON;1 ;1000;1
294;B9302SCH;RENTAL;OWN;OWN;L300;TIDAK ADA;RENTAL;JAKARTA;AMBIL;1 TON;1 ;1000;1
295;B9318SCH;RENTAL;OWN;OWN;L300;TIDAK ADA;RENTAL;JAKARTA;AMBIL;1 TON;1 ;1000;1
296;B9394SCH;RENTAL;OWN;OWN;L300;TIDAK ADA;RENTAL;JAKARTA;AMBIL;1 TON;1 ;1000;1
297;B9395SCH;RENTAL;OWN;OWN;L300;TIDAK ADA;RENTAL;JAKARTA;AMBIL;1 TON;1 ;1000;1
298;B9308SCH;RENTAL;OWN;OWN;L300;TIDAK ADA;RENTAL;JAKARTA;AMBIL;1 TON;1 ;1000;1
299;B9386SCH;RENTAL;OWN;OWN;L300;OSLOG;RENTAL;JAKARTA;AMBIL;1 TON;1 ;1000;1
300;B9369SCH;RENTAL;OWN;OWN;L300;TIDAK ADA;RENTAL;JAKARTA;AMBIL;1 TON;1 ;1000;1
301;B9298SCH;RENTAL;OWN;OWN;L300;TIDAK ADA;RENTAL;JAKARTA;AMBIL;1 TON;1 ;1000;1
302;B9393SCH;RENTAL;OWN;OWN;L300;TIDAK ADA;RENTAL;JAKARTA;AMBIL;1 TON;1 ;1000;1
303;B9355SCH;RENTAL;OWN;OWN;L300;TIDAK ADA;RENTAL;JAKARTA;AMBIL;1 TON;1 ;1000;1
304;B9402SCH;RENTAL;OWN;OWN;L300;OSLOG;RENTAL;JAKARTA;AMBIL;1 TON;1 ;1000;1
305;B9388SCH;RENTAL;OWN;OWN;L300;OSLOG;RENTAL;JAKARTA;AMBIL;1 TON;1 ;1000;1
306;B9345SCH;RENTAL;OWN;OWN;L300;TIDAK ADA;RENTAL;JAKARTA;AMBIL;1 TON;1 ;1000;1
307;B9373SCH;RENTAL;OWN;OWN;L300;TIDAK ADA;RENTAL;JAKARTA;AMBIL;1 TON;1 ;1000;1
308;B9349SCH;RENTAL;OWN;OWN;L300;TIDAK ADA;RENTAL;JAKARTA;AMBIL;1 TON;1 ;1000;1
309;B9310SCH;RENTAL;OWN;OWN;L300;TIDAK ADA;RENTAL;JAKARTA;AMBIL;1 TON;1 ;1000;1
310;B9312SCH;RENTAL;OWN;OWN;L300;TIDAK ADA;RENTAL;JAKARTA;AMBIL;1 TON;1 ;1000;1
311;B9351SCH;RENTAL;OWN;OWN;L300;TIDAK ADA;RENTAL;JAKARTA;AMBIL;1 TON;1 ;1000;1
312;B9392SCH;RENTAL;OWN;OWN;L300;TIDAK ADA;RENTAL;JAKARTA;AMBIL;1 TON;1 ;1000;1
313;B9347SCH;RENTAL;OWN;OWN;L300;TIDAK ADA;RENTAL;JAKARTA;AMBIL;1 TON;1 ;1000;1
314;B9396SCH;RENTAL;OWN;OWN;L300;TIDAK ADA;RENTAL;JAKARTA;AMBIL;1 TON;1 ;1000;1
315;B9320SCH;RENTAL;OWN;OWN;L300;TIDAK ADA;RENTAL;JAKARTA;AMBIL;1 TON;1 ;1000;1
316;B9357SCH;RENTAL;OWN;OWN;L300;TIDAK ADA;RENTAL;JAKARTA;AMBIL;1 TON;1 ;1000;1
317;B9367SCH;RENTAL;OWN;OWN;L300;TIDAK ADA;RENTAL;JAKARTA;AMBIL;1 TON;1 ;1000;1
318;B9415SCH;RENTAL;OWN;OWN;L300;OSLOG;RENTAL;JAKARTA;AMBIL;1 TON;1 ;1000;1
319;B9404SCH;RENTAL;OWN;OWN;L300;TIDAK ADA;RENTAL;JAKARTA;AMBIL;1 TON;1 ;1000;1
320;B9401SCH;RENTAL;OWN;OWN;L300;OSLOG;RENTAL;JAKARTA;AMBIL;1 TON;1 ;1000;1
321;B9400SCH;RENTAL;OWN;OWN;L300;OSLOG;RENTAL;JAKARTA;AMBIL;1 TON;1 ;1000;1
322;B9304SCH;RENTAL;OWN;OWN;L300;TIDAK ADA;RENTAL;JAKARTA;AMBIL;1 TON;1 ;1000;1
323;B9405SCH;RENTAL;OWN;OWN;L300;OSLOG;RENTAL;JAKARTA;AMBIL;1 TON;1 ;1000;1
324;B9322SCH;RENTAL;OWN;OWN;L300;TIDAK ADA;RENTAL;JAKARTA;AMBIL;1 TON;1 ;1000;1
325;B9031UEJ;LOGISTIK;OWN;OWN;TRAILER;OSLOG;ZPLAN JUAL;JAKARTA;AMBIL;45 ton;45 ;45000;1
326;B9421SEU;LOGISTIK;OPL;OWN;WINGBOX;OSLOG;MARUNDA;JAKARTA;AMBIL;20 TON;20 ;20000;1
327;B9432SEU;LOGISTIK;OPL;OWN;WINGBOX;OSLOG;MARUNDA;JAKARTA;AMBIL;20 TON;20 ;20000;1
328;B9428SEU;LOGISTIK;OPL;OWN;WINGBOX;OSLOG;MARUNDA;JAKARTA;AMBIL;20 TON;20 ;20000;1
329;B9409SEU;LOGISTIK;OPL;OWN;WINGBOX;OSLOG;MARUNDA;JAKARTA;AMBIL;20 TON;20 ;20000;1
330;B9423SEU;LOGISTIK;OPL;OWN;WINGBOX;OSLOG;MARUNDA;JAKARTA;AMBIL;20 TON;20 ;20000;1
331;B9012BL;LOGISTIK;OWN;OWN;TIPPING DUMP;OSLOG;ZPLAN JUAL;JAKARTA;TIDAK;;0;0;0
332;B9018BL;LOGISTIK;OWN;OWN;TIPPING DUMP;OSLOG;ZPLAN JUAL;JAKARTA;TIDAK;;0;0;0
333;B9020BL;LOGISTIK;OWN;OWN;TIPPING DUMP;OSLOG;ZPLAN JUAL;JAKARTA;TIDAK;;0;0;0
334;B9434SEU;LOGISTIK;OPL;OWN;WINGBOX;OSLOG;ILC UCI;JAKARTA;AMBIL;20 TON;20 ;20000;1
335;B9407SEU;LOGISTIK;OPL;OWN;WINGBOX;OSLOG;MARUNDA;JAKARTA;AMBIL;20 TON;20 ;20000;1
336;B9411SEU;LOGISTIK;OPL;OWN;WINGBOX;OSLOG;MARUNDA;JAKARTA;AMBIL;20 TON;20 ;20000;1
337;B9436SEU;LOGISTIK;OPL;OWN;WINGBOX;OSLOG;MARUNDA;JAKARTA;AMBIL;20 TON;20 ;20000;1
338;B9419SEU;LOGISTIK;OPL;OWN;WINGBOX;OSLOG;MARUNDA;JAKARTA;AMBIL;20 TON;20 ;20000;1
339;B9420SEU;LOGISTIK;OPL;OWN;WINGBOX;OSLOG;MARUNDA;JAKARTA;AMBIL;20 TON;20 ;20000;1
340;B9438SEU;LOGISTIK;OPL;OWN;WINGBOX;OSLOG;MARUNDA;JAKARTA;AMBIL;20 TON;20 ;20000;1
341;B9426SEU;LOGISTIK;OPL;OWN;WINGBOX;OSLOG;MARUNDA;JAKARTA;AMBIL;20 TON;20 ;20000;1
342;B9417SEU;LOGISTIK;OPL;OWN;WINGBOX;OSLOG;MARUNDA;JAKARTA;AMBIL;20 TON;20 ;20000;1
343;B9422SEU;LOGISTIK;OPL;OWN;WINGBOX;OSLOG;MARUNDA;JAKARTA;AMBIL;20 TON;20 ;20000;1
344;B9425SEU;LOGISTIK;OPL;OWN;WINGBOX;OSLOG;MARUNDA;JAKARTA;AMBIL;20 TON;20 ;20000;1
345;B9415SEU;LOGISTIK;OPL;OWN;WINGBOX;OSLOG;MARUNDA;JAKARTA;AMBIL;20 TON;20 ;20000;1
346;B9424SEU;LOGISTIK;OPL;OWN;WINGBOX;OSLOG;MARUNDA;JAKARTA;AMBIL;20 TON;20 ;20000;1
347;B9430SEU;LOGISTIK;OPL;OWN;WINGBOX;OSLOG;MARUNDA;JAKARTA;AMBIL;20 TON;20 ;20000;1
348;B9440SEU;LOGISTIK;OPL;OWN;WINGBOX;OSLOG;MEDAN;MEDAN;AMBIL;20 TON;20 ;20000;1
349;B9413SEU;LOGISTIK;OPL;OWN;WINGBOX;OSLOG;MARUNDA;JAKARTA;AMBIL;20 TON;20 ;20000;1
350;B9285BCW;RENTAL;OPL;OWN;L300;TIDAK ADA;RENTAL;JAKARTA;AMBIL;1 TON;1 ;1000;1
351;B9296BCW;RENTAL;OPL;OWN;L300;TIDAK ADA;RENTAL;JAKARTA;AMBIL;1 TON;1 ;1000;1
352;B9308BCW;RENTAL;OPL;OWN;L300;TIDAK ADA;RENTAL;JAKARTA;AMBIL;1 TON;1 ;1000;1
353;B9260SEI;LOGISTIK;OPL;OWN;TRAILER;OSLOG;SEMARANG;SEMARANG;AMBIL;45 ton;45 ;45000;1
354;B9262SEI;LOGISTIK;OPL;OWN;TRAILER;OSLOG;SEMARANG;SEMARANG;AMBIL;45 ton;45 ;45000;1
355;B9565PEU;LOGISTIK;VENDOR;VENDOR;WINGBOX;TRACKPRO;SURABAYA;SURABAYA;AMBIL;20 TON;20 ;20000;1
356;B9558PEU;LOGISTIK;VENDOR;VENDOR;WINGBOX;TRACKPRO;SURABAYA;SURABAYA;AMBIL;20 TON;20 ;20000;1
357;B9566PEU;LOGISTIK;VENDOR;VENDOR;WINGBOX;TRACKPRO;SURABAYA;SURABAYA;AMBIL;20 TON;20 ;20000;1
358;B9567PEU;LOGISTIK;VENDOR;VENDOR;WINGBOX;TRACKPRO;MARUNDA;JAKARTA;AMBIL;20 TON;20 ;20000;1
359;B9559PEU;LOGISTIK;VENDOR;VENDOR;WINGBOX;TRACKPRO;SURABAYA;SURABAYA;AMBIL;20 TON;20 ;20000;1
360;B9560PEU;LOGISTIK;VENDOR;VENDOR;WINGBOX;TRACKPRO;SURABAYA;SURABAYA;AMBIL;20 TON;20 ;20000;1
361;B9664PEU;LOGISTIK;VENDOR;VENDOR;WINGBOX;TRACKPRO;SURABAYA;SURABAYA;AMBIL;20 TON;20 ;20000;1
362;B9531PEU;LOGISTIK;VENDOR;VENDOR;WINGBOX;TRACKPRO;SURABAYA;SURABAYA;AMBIL;20 TON;20 ;20000;1
363;B9563PEU;LOGISTIK;VENDOR;VENDOR;WINGBOX;TRACKPRO;MARUNDA;JAKARTA;AMBIL;20 TON;20 ;20000;1
364;B9564PEU;LOGISTIK;VENDOR;VENDOR;WINGBOX;TRACKPRO;SURABAYA;SURABAYA;AMBIL;20 TON;20 ;20000;1
365;B9686PEU;LOGISTIK;VENDOR;VENDOR;WINGBOX;TRACKPRO;MARUNDA;JAKARTA;AMBIL;20 TON;20 ;20000;1
366;B9645PEU;LOGISTIK;VENDOR;VENDOR;WINGBOX;TRACKPRO;MARUNDA;JAKARTA;AMBIL;20 TON;20 ;20000;1
367;B9656PEU;LOGISTIK;VENDOR;VENDOR;WINGBOX;TRACKPRO;SURABAYA;SURABAYA;AMBIL;20 TON;20 ;20000;1
368;B9546PEU;LOGISTIK;VENDOR;VENDOR;WINGBOX;TRACKPRO;MARUNDA;JAKARTA;AMBIL;20 TON;20 ;20000;1
369;B9536PEU;LOGISTIK;VENDOR;VENDOR;WINGBOX;TRACKPRO;SURABAYA;SURABAYA;AMBIL;20 TON;20 ;20000;1
370;B9688PEU;LOGISTIK;VENDOR;VENDOR;WINGBOX;TRACKPRO;MARUNDA;JAKARTA;AMBIL;20 TON;20 ;20000;1
371;B9799PEU;LOGISTIK;VENDOR;VENDOR;WINGBOX;TRACKPRO;MARUNDA;JAKARTA;AMBIL;20 TON;20 ;20000;1
372;B9658PEU;LOGISTIK;VENDOR;VENDOR;WINGBOX;TRACKPRO;MARUNDA;JAKARTA;AMBIL;20 TON;20 ;20000;1
373;B9821PEU;LOGISTIK;VENDOR;VENDOR;WINGBOX;TRACKPRO;MARUNDA;JAKARTA;AMBIL;20 TON;20 ;20000;1
374;B9795PEU;LOGISTIK;VENDOR;VENDOR;WINGBOX;TRACKPRO;MARUNDA;JAKARTA;AMBIL;20 TON;20 ;20000;1
375;B9801PEU;LOGISTIK;VENDOR;VENDOR;WINGBOX;TRACKPRO;MARUNDA;JAKARTA;AMBIL;20 TON;20 ;20000;1
376;B9963KXR;LOGISTIK;VENDOR;VENDOR;FUSO WB;OSLOG;SMART;JAKARTA;TIDAK;0;0;0;0
377;B9794PEU;LOGISTIK;VENDOR;VENDOR;WINGBOX;TRACKPRO;SURABAYA;SURABAYA;AMBIL;20 TON;20 ;20000;1
378;B9804PEU;LOGISTIK;VENDOR;VENDOR;WINGBOX;TRACKPRO;SURABAYA;SURABAYA;AMBIL;20 TON;20 ;20000;1
379;B9754PEU;LOGISTIK;VENDOR;VENDOR;WINGBOX;TRACKPRO;SURABAYA;SURABAYA;AMBIL;20 TON;20 ;20000;1
380;B9660PEU;LOGISTIK;VENDOR;VENDOR;WINGBOX;TRACKPRO;SURABAYA;SURABAYA;AMBIL;20 TON;20 ;20000;1
381;B9670PEU;LOGISTIK;VENDOR;VENDOR;WINGBOX;TRACKPRO;SURABAYA;SURABAYA;AMBIL;20 TON;20 ;20000;1
382;B9810PEU;LOGISTIK;VENDOR;VENDOR;WINGBOX;TRACKPRO;SURABAYA;SURABAYA;AMBIL;20 TON;20 ;20000;1
383;B9511PEU;LOGISTIK;VENDOR;VENDOR;WINGBOX;TRACKPRO;SURABAYA;SURABAYA;AMBIL;20 TON;20 ;20000;1
384;B9624PEU;LOGISTIK;VENDOR;VENDOR;WINGBOX;TRACKPRO;SURABAYA;SURABAYA;AMBIL;20 TON;20 ;20000;1
385;B9700PEU;LOGISTIK;VENDOR;VENDOR;WINGBOX;TRACKPRO;SURABAYA;SURABAYA;AMBIL;20 TON;20 ;20000;1
386;B9749PEU;LOGISTIK;VENDOR;VENDOR;WINGBOX;TRACKPRO;SURABAYA;SURABAYA;AMBIL;20 TON;20 ;20000;1
387;B9153FXS;RENTAL;OWN;OWN;CDE CHILLER;OSLOG;MARUNDA;MEDAN;AMBIL;3 TON;3 ;3000;1
388;B9148FXS;RENTAL;OWN;OWN;CDE CHILLER;OSLOG;MARUNDA;MEDAN;AMBIL;3 TON;3 ;3000;1
389;H1912BQ;LOGISTIK;VENDOR;VENDOR;TRONTON LOSSBAK;EASY GO;FAJAR PAPER;JAKARTA;AMBIL;30 TON;30 ;30000;1
390;H1877BQ;LOGISTIK;VENDOR;VENDOR;TRONTON LOSSBAK;EASY GO;FAJAR PAPER;JAKARTA;AMBIL;30 TON;30 ;30000;1
391;H1878BQ;LOGISTIK;VENDOR;VENDOR;TRONTON LOSSBAK;EASY GO;FAJAR PAPER;JAKARTA;AMBIL;30 TON;30 ;30000;1
392;H1879BQ;LOGISTIK;VENDOR;VENDOR;TRONTON LOSSBAK;EASY GO;FAJAR PAPER;JAKARTA;AMBIL;30 TON;30 ;30000;1
393;H1876BQ;LOGISTIK;VENDOR;VENDOR;TRONTON LOSSBAK;EASY GO;FAJAR PAPER;JAKARTA;AMBIL;30 TON;30 ;30000;1
394;B9391SEI;LOGISTIK;OWN;OWN;TRAILER;OSLOG;ILC UCI;JAKARTA;AMBIL;45 ton;45 ;45000;1
395;B9389SEI;LOGISTIK;OWN;OWN;TRAILER;OSLOG;ILC UCI;JAKARTA;AMBIL;45 ton;45 ;45000;1
396;B9318SEI;LOGISTIK;OWN;OWN;TRAILER;OSLOG;ILC UCI;JAKARTA;AMBIL;45 ton;45 ;45000;1
397;B9316SEI;LOGISTIK;OWN;OWN;TRAILER;OSLOG;ILC UCI;JAKARTA;AMBIL;45 ton;45 ;45000;1
398;B9482SEU;LOGISTIK;OWN;OWN;WINGBOX;CARTRACK;MARUNDA;JAKARTA;AMBIL;20 TON;20 ;20000;1
399;B9459SEU;LOGISTIK;OWN;OWN;WINGBOX;CARTRACK;MARUNDA;JAKARTA;AMBIL;20 TON;20 ;20000;1
400;B9484SEU;LOGISTIK;OWN;OWN;WINGBOX;CARTRACK;MARUNDA;JAKARTA;AMBIL;20 TON;20 ;20000;1
401;B9478SEU;LOGISTIK;OWN;OWN;WINGBOX;CARTRACK;MARUNDA;JAKARTA;AMBIL;20 TON;20 ;20000;1
402;B9486SEU;LOGISTIK;OWN;OWN;WINGBOX;CARTRACK;MARUNDA;JAKARTA;AMBIL;20 TON;20 ;20000;1
403;B9453SEU;LOGISTIK;OWN;OWN;WINGBOX;CARTRACK;MARUNDA;JAKARTA;AMBIL;20 TON;20 ;20000;1
404;B9488SEU;LOGISTIK;OWN;OWN;WINGBOX;CARTRACK;MARUNDA;JAKARTA;AMBIL;20 TON;20 ;20000;1
405;B9480SEU;LOGISTIK;OWN;OWN;WINGBOX;CARTRACK;MARUNDA;JAKARTA;AMBIL;20 TON;20 ;20000;1
406;B9457SEU;LOGISTIK;OWN;OWN;WINGBOX;CARTRACK;MARUNDA;JAKARTA;AMBIL;20 TON;20 ;20000;1
407;B9455SEU;LOGISTIK;OWN;OWN;WINGBOX;OSLOG;MARUNDA;JAKARTA;AMBIL;20 TON;20 ;20000;1
408;B9463SEU;LOGISTIK;OWN;OWN;WINGBOX;CARTRACK;MARUNDA;JAKARTA;AMBIL;20 TON;20 ;20000;1
409;B9492SEU;LOGISTIK;OWN;OWN;WINGBOX;CARTRACK;MARUNDA;JAKARTA;AMBIL;20 TON;20 ;20000;1
410;B9469SEU;LOGISTIK;OWN;OWN;WINGBOX;CARTRACK;MARUNDA;JAKARTA;AMBIL;20 TON;20 ;20000;1
411;B9473SEU;LOGISTIK;OWN;OWN;WINGBOX;CARTRACK;MARUNDA;JAKARTA;AMBIL;20 TON;20 ;20000;1
412;B9500SEU;LOGISTIK;OWN;OWN;WINGBOX;CARTRACK;MARUNDA;JAKARTA;AMBIL;20 TON;20 ;20000;1
413;B9471SEU;LOGISTIK;OWN;OWN;WINGBOX;CARTRACK;MARUNDA;JAKARTA;AMBIL;20 TON;20 ;20000;1
414;B9465SEU;LOGISTIK;OWN;OWN;WINGBOX;CARTRACK;MARUNDA;JAKARTA;AMBIL;20 TON;20 ;20000;1
415;B9467SEU;LOGISTIK;OWN;OWN;WINGBOX;CARTRACK;MARUNDA;JAKARTA;AMBIL;20 TON;20 ;20000;1
416;B9498SEU;LOGISTIK;OWN;OWN;WINGBOX;CARTRACK;MARUNDA;JAKARTA;AMBIL;20 TON;20 ;20000;1
417;B9496SEU;LOGISTIK;OWN;OWN;WINGBOX;CARTRACK;MARUNDA;JAKARTA;AMBIL;20 TON;20 ;20000;1
418;B9699BCV;LOGISTIK;VENDOR;VENDOR;FUSO WB;TIDAK ADA;SMART;JAKARTA;AMBIL;8 TON;8 ;8000;1
419;B9254BCX;LOGISTIK;VENDOR;VENDOR;FUSO WB;TIDAK ADA;SMART;JAKARTA;AMBIL;8 TON;8 ;8000;1
420;A9311ZM;LOGISTIK;VENDOR;VENDOR;FUSO WB;TIDAK ADA;SMART;JAKARTA;TIDAK;;0;0;0
421;A9310ZM;LOGISTIK;VENDOR;VENDOR;FUSO WB;TIDAK ADA;MARUNDA;JAKARTA;TIDAK;;0;0;0
422;B9698BCV;LOGISTIK;VENDOR;VENDOR;FUSO WB;TIDAK ADA;SURABAYA;SURABAYA;AMBIL;8 TON;8 ;8000;1
423;B9891FQA;LOGISTIK;OWN;OWN;CDD LOSS BAK;A TRACK;AMA;JAKARTA;AMBIL;5 TON;5 ;5000;1
424;B9145SYU;LOGISTIK;VENDOR;VENDOR;CDD LOSS BAK;TIDAK ADA;AMA;JAKARTA;AMBIL;5 TON;5 ;5000;1
425;B9169SYU;LOGISTIK;VENDOR;VENDOR;CDD LOSS BAK;TIDAK ADA;AMA;JAKARTA;AMBIL;5 TON;5 ;5000;1
426;B9170SYU;LOGISTIK;VENDOR;VENDOR;CDD LOSS BAK;TIDAK ADA;AMA;JAKARTA;AMBIL;5 TON;5 ;5000;1
427;B9175SYU;LOGISTIK;VENDOR;VENDOR;CDD LOSS BAK;TIDAK ADA;AMA;JAKARTA;AMBIL;5 TON;5 ;5000;1
428;B9087SYM;LOGISTIK;VENDOR;VENDOR;CDD LOSS BAK;TIDAK ADA;AMA;JAKARTA;AMBIL;5 TON;5 ;5000;1
