RG;CLUSTER;LTPOD
ADPSALE REMBANG-ADPKOSAMBI;JABODETABEK;6
ADSDENPASAR TIMUR-ADSCAKRANEGARA;BALI;5
ADSDENPASAR TIMUR-ADSCAKRANEGARA;BALI;5
ADSDENPASAR TIMUR-ADSCAKRANEGARA;BALI;5
ADSDENPASAR TIMUR-ADSCAKRANEGARA;BALI;5
ADSDENPASAR TIMUR-ADSCAKRANEGARA;BALI;5
ADSDENPASAR TIMUR-ADSKUTA;BALI;5
ADSSIDOARJO-ADSAJUNG;JAWA TIMUR;3
ADSSIDOARJO-ADSAJUNG;JAWA TIMUR;3
ADSSIDOARJO-ADSAJUNG;JAWA TIMUR;3
ADSSIDOARJO-ADSBENOWO;KOTA SURABAYA;2
ADSSIDOARJO-ADSBENOWO;KOTA SURABAYA;2
ADSSIDOARJO-ADSBENOWO;KOTA SURABAYA;2
ADSSIDOARJO-ADSBENOWO;KOTA SURABAYA;2
ADSSIDOARJO-ADSBLIMBING;JAWA TIMUR;3
ADSSIDOARJO-ADSBLIMBING;JAWA TIMUR;3
ADSSIDOARJO-ADSWONOKROMO;KOTA SURABAYA;2
AIDASEMROWO(1P)-AIDPRINGAPUS;;
AIDASEMROWO(PP)-AIDPRINGAPUS;JAWA TENGAH;5
AIDASEMROWO-AIDGRESIK;;3
AIDASEMROWO-AIDPRINGAPUS;;5
AIDDRIYOREJO-AIDASEMROWO;KOTA SURABAYA;2
AJIJETIS(1P)-AJINGALIYAN;JAWA TENGAH;5
AJIJETIS(1P)-AJISEWON;JAWA TENGAH;5
AJIJETIS(PP)-AJINGALIYAN;JAWA TENGAH;5
AJIJETIS(PP)-AJISEWON;JAWA TENGAH;5
AJIJETIS-AJIBALEENDAH;JAWA BARAT;6
AJIJETIS-AJIBUNGURSARI TASIKMALAYA;JAWA BARAT;6
AJIJETIS-AJICANDI;KOTA SURABAYA;2
AJIJETIS-AJIDENPASAR UTARA;BALI;5
AJIJETIS-AJIJATIROGO;JAWA TIMUR;3
AJIJETIS-AJIJATIROGO;JAWA TIMUR;3
AJIJETIS-AJIKADEMANGAN PROBOLINGGO;JAWA TENGAH;5
AJIJETIS-AJIKENJERAN;JAWA TIMUR;3
AJIJETIS-AJIKENJERAN;JAWA TIMUR;3
AJIJETIS-AJIKLOJEN;JAWA TIMUR;3
AJIJETIS-AJIKOTA KEDIRI;JAWA TIMUR;3
AJIJETIS-AJIKOTA KEDIRI;JAWA TIMUR;3
AJIJETIS-AJIKRATON;JAWA TENGAH;5
AJIJETIS-AJIKRATON;JAWA TENGAH;5
AJIJETIS-AJIKRATON;JAWA TENGAH;5
AJIJETIS-AJILABUAPI;NTB;6
AJIJETIS-AJINGALIYAN;JAWA TENGAH;5
AJIJETIS-AJIPANGGUNGREJO;JAWA TIMUR;3
AJIJETIS-AJIPANGGUNGREJO;KOTA SURABAYA;2
AJIJETIS-AJIPURWOKERTO SELATAN;JAWA TENGAH;5
AJIJETIS-AJIRUNGKUT;JAWA TIMUR;3
AJIJETIS-AJISEWON BANTUL;JAWA TENGAH;5
AJIJETIS-AJISINGOSARI(SAT);JAWA TIMUR;3
AJIJETIS-AJITALUN CIREBON;JAWA BARAT;6
AJIJETIS-AJITUBAN;JAWA TIMUR;3
AKLKEBOMAS-AKLJAWILAN;BANTEN;5
ALSPANDAAN-ALSCIKARANG UTARA;JABODETABEK;6
AMABLIMBING-AMASIDOARJO;JAWA TIMUR;3
AMASIDOARJO-AMADRIYOREJO;JAWA TIMUR;3
AMASIDOARJO-AMAJENU TUBAN;JAWA TIMUR;3
AMASIDOARJO-AMAJOMBANG;JAWA TIMUR;3
AMASIDOARJO-AMAKEDUNGWARU;KOTA SURABAYA;2
AMASIDOARJO-AMAKRIAN;KOTA SURABAYA;2
AMASIDOARJO-AMAMAOSPATI;JAWA TIMUR;3
AMASIDOARJO-AMANGAWI;JAWA TIMUR;3
AMASIDOARJO-AMANGORO;JAWA TIMUR;3
AMASIDOARJO-AMAPATRANG;JAWA TIMUR;3
AMASIDOARJO-AMASUKODONO;KOTA SURABAYA;2
AMASIDOARJO-AMATAMAN;KOTA SURABAYA;2
AMASIDOARJO-AMAWARU;KOTA SURABAYA;2
AMASIDOARJO-AMAWIYUNG;KOTA SURABAYA;2
AMPASEMROWO-AMPJATEN;JAWA TENGAH;5
AMPGRESIK-AMPASEMROWO;KOTA SURABAYA;2
AMPGRESIK-AMPPAKIS MALANG;JAWA TIMUR;3
ANAJENU TUBAN-ANASIDOARJO(BL);JAWA TIMUR;3
ANASIDOARJO(PP)-ANAKEBUMEN;JAWA TENGAH;5
ANASIDOARJO(PP)-ANASAMBIREJO SRAGEN;JAWA TENGAH;5
ANASIDOARJO-ANAASEMROWO;KOTA SURABAYA;2
ANASIDOARJO-ANABLIMBING;JAWA TIMUR;3
ANASIDOARJO-ANADRIYOREJO;JAWA TIMUR;3
ANASIDOARJO-ANADUKUH PAKIS;KOTA SURABAYA;2
ANASIDOARJO-ANAGENTENG SURABAYA;KOTA SURABAYA;2
ANASIDOARJO-ANAJETIS;JAWA TIMUR;3
ANASIDOARJO-ANAJIWAN MADIUN;JAWA TIMUR;3
ANASIDOARJO-ANAKABUH;JAWA TIMUR;3
ANASIDOARJO-ANAKALIPURO;JAWA TIMUR;3
ANASIDOARJO-ANAKEDUNGWARU;JAWA TIMUR;3
ANASIDOARJO-ANAKRAKSAAN;JAWA TIMUR;3
ANASIDOARJO-ANAKRIAN;KOTA SURABAYA;2
ANASIDOARJO-ANALAWANG MALANG;JAWA TIMUR;3
ANASIDOARJO-ANANGASEM BOJONEGORO;JAWA TIMUR;3
ANASIDOARJO-ANANGASEM KEDIRI;JAWA TIMUR;3
ANASIDOARJO-ANANGAWI;JAWA TIMUR;3
ANASIDOARJO-ANANGORO;JAWA TIMUR;3
ANASIDOARJO-ANAPACITAN;JAWA TIMUR;3
ANASIDOARJO-ANAPATRANG;JAWA TIMUR;3
ANASIDOARJO-ANARUNGKUT;KOTA SURABAYA;2
ANASIDOARJO-ANASAMBIKEREP;KOTA SURABAYA;2
ANASIDOARJO-ANASOKO TUBAN;JAWA TIMUR;3
ANASIDOARJO-ANASUKOMORO MAGETAN;JAWA TIMUR;3
ANASIDOARJO-ANASUMBERSARI;JAWA TIMUR;3
ANASIDOARJO-ANATAMAN;KOTA SURABAYA;2
ANASIDOARJO-ANAWARU;KOTA SURABAYA;2
ANASIDOARJO-ANAWIDODAREN;JAWA TIMUR;3
AOIJETIS-AOIRUNGKUT;JAWA TIMUR;3
AOIJETIS-AOITEGALSARI;JAWA TIMUR;3
AOPMENGANTI-AOPCIKANDE;JABODETABEK;6
ARVBENOWO-ARVKRAMAT TEGAL(MD1);JAWA TENGAH;5
ARVDENPASAR TIMUR-ARVASEMROWO(BL);BALI;5
ARVDENPASAR TIMUR-ARVCIKARANG BARAT(BL);JABODETABEK;6
ARVLAKARSANTRI-ARVKUTA UTARA;BALI;5
ARVPLOSO JOMBANG-ARVCIKAMPEK;JAWA BARAT;6
ARVRUNGKUT-ARVCAKUNG;JABODETABEK;6
ARVSEDATI-ARVTANJUNG PRIOK;JABODETABEK;6
ARVTAMAN-ARVCIBADAK SUKABUMI;JAWA BARAT;6
ARVTAMAN-ARVPLUMBON;JAWA BARAT;6
ARVTAMAN-ARVUJUNG BERUNG;BANTEN;5
ARVWARU-ARVCAKUNG;JABODETABEK;6
ASIKEBOMAS-ASIBANGIL;KOTA SURABAYA;2
ASIKEBOMAS-ASIBEJI;KOTA SURABAYA;2
ASIKEBOMAS-ASIGEMPOL;KOTA SURABAYA;2
ASIKEBOMAS-ASIKEDUNGKANDANG;KOTA SURABAYA;2
ASIKEBOMAS-ASILAWANG;KOTA SURABAYA;2
ASIKEBOMAS-ASIPANDAAN;KOTA SURABAYA;2
ASIKEBOMAS-ASIPANGGUNGREJO;KOTA SURABAYA;2
ASIKEBOMAS-ASIPURWODADI;KOTA SURABAYA;2
ASIKEBOMAS-ASIPURWOSARI;KOTA SURABAYA;2
ASIKEBOMAS-ASIREMBANG;KOTA SURABAYA;2
AUFNGAJUM-AUFBALARAJA;BANTEN;5
AUFNGAJUM-AUFBANTARGEBANG;JABODETABEK;6
AUFNGAJUM-AUFBOGOR UTARA;JABODETABEK;6
AUFNGAJUM-AUFCAKUNG;JABODETABEK;6
AUFNGAJUM-AUFCAKUNG;JABODETABEK;6
AUFNGAJUM-AUFCAKUNG;JABODETABEK;6
AUFNGAJUM-AUFCIKARANG BARAT;JABODETABEK;6
AUFNGAJUM-AUFCIPARAY;JAWA BARAT;6
AUFNGAJUM-AUFHARJAMUKTI;JAWA BARAT;6
AUFNGAJUM-AUFPABEAN CANTIAN;KOTA SURABAYA;2
AUFNGAJUM-AUFPENJARINGAN;JABODETABEK;6
AUFNGAJUM-AUFPORONG;JAWA TIMUR;3
AUFNGAJUM-AUFSERANG;BANTEN;5
AUFNGAJUM-AUFSUKARAJA;JAWA BARAT;6
AUFNGAJUM-AUFTANGERANG;JABODETABEK;6
AUFNGAJUM-AUFTUGU;JAWA TENGAH;5
BAJNGALIYAN-BAJCIMANGGUNG(BL);JAWA BARAT;6
BESMANYAR-BESBEJI PASURUAN;JAWA TIMUR;3
BESMANYAR-BESDUDUK SAMPEYAN;JAWA TIMUR;3
BESMANYAR-BESGEDANGAN;JAWA TIMUR;3
BESMANYAR-BESMAGERSARI;KOTA SURABAYA;2
BESMANYAR-BESSINGOSARI;JAWA TIMUR;3
BESMANYAR-BESWARU;JAWA TIMUR;3
BHMNGORO-BHMSIDOARJO;KOTA SURABAYA;2
BHMSIDOARJO-BHMASEMROWO;JAWA TIMUR;3
BHMSIDOARJO-BHMASEMROWO;KOTA SURABAYA;2
BHMSIDOARJO-BHMBERGAS;JAWA TENGAH;5
BHMSIDOARJO-BHMBERGAS;JAWA TENGAH;5
BHMSIDOARJO-BHMDRIYOREJO;KOTA SURABAYA;2
BHMSIDOARJO-BHMGEMPOL;KOTA SURABAYA;2
BHMSIDOARJO-BHMGEMPOL;KOTA SURABAYA;2
BHMSIDOARJO-BHMGRESIK;JAWA TIMUR;3
BHMSIDOARJO-BHMKRIAN;KOTA SURABAYA;2
BHMSIDOARJO-BHMKRIAN;KOTA SURABAYA;2
BHMSIDOARJO-BHMNGALIYAN;JAWA TENGAH;5
BHMSIDOARJO-BHMPABEAN CANTIAN;KOTA SURABAYA;2
BHMSIDOARJO-BHMPATI;JAWA TENGAH;5
BHMSIDOARJO-BHMSIDOHARJO;JAWA TENGAH;5
BHMSIDOARJO-BHMTAMAN SIDOARJO;KOTA SURABAYA;2
BHMSIDOARJO-BHMTANGERANG;JABODETABEK;6
BHMSIDOARJO-BHMTANGERANG;JABODETABEK;6
BHMSIDOARJO-BHMWARU;KOTA SURABAYA;2
BHMSIDOARJO-BHMWRINGINANOM;KOTA SURABAYA;2
BPRBANJARNEGARA-BPRSURABAYA(EMPTY);MOB KOSONGAN;2
BPRBANTUL/YOGYAKARTA-BPRSURABAYA(EMPTY);MOB KOSONG;2
BPRBANYUMAS-BPRSURABAYA(EMPTY);MOB KOSONG;2
BPRBATANG-BPRSURABAYA(EMPTY);MOB KOSONG;2
BPRBLORA-BPRSURABAYA(EMPTY);MOB KOSONG;2
BPRJAKARTA(EMPTY)-BPRSURABAYA(EMPTY);MOB KOSONG;2
BPRJEPARA-BPRSURABAYA(EMPTY);MOB KOSONG;2
BPRKLATEN-BPRSURABAYA(EMPTY);MOB KOSONG;2
BPRMAGELANG-BPRSURABAYA(EMPTY);MOB KOSONG;2
BPRPATI-BPRSURABAYA(EMPTY);MOB KOSONG;2
BPRPEKALONGAN-BPRSURABAYA(EMPTY);MOB KOSONG;2
BPRPEMALANG-BPRSURABAYA(EMPTY);MOB KOSONG;2
BPRPURWOKERTO-BPRSURABAYA(EMPTY);MOB KOSONG;2
BPRPURWOREJO-BPRSURABAYA(EMPTY);MOB KOSONG;2
BPRREMBANG-BPRSURABAYA(EMPTY);MOB KOSONG;2
BPRSEMARANG-BPRSURABAYA(EMPTY);MOB KOSONG;2
BPRSOLO-BPRSURABAYA(EMPTY);MOB KOSONG;2
BPRSUKOHARJO-BPRSURABAYA(EMPTY);MOB KOSONG;2
BPRSURABAYA(EMPTY)-BPRJAKARTA(EMPTY);MOB KOSONG;2
BPRSURAKARTA-BPRSURABAYA(EMPTY);MOB KOSONG;2
BPRTEGAL-BPRSURABAYA(EMPTY);MOB KOSONG;2
BPRTEGAL-BPRSURABAYA(EMPTY);MOB KOSONG;2
BPRYOGYAKARTA-BPRSURABAYA(EMPTY);MOB KOSONG;2
CBENGANJUK-CBEPENJARINGAN;JABODETABEK;6
CLIBENOWO-CLIKEBOMAS;JAWA TIMUR;3
CLIBUBUTAN-CLIKEBOMAS;JAWA TIMUR;3
CLIKEBOMAS-CLIBUDURAN(SENIN);KOTA SURABAYA;2
CLIKEBOMAS-CLIGEDANGAN(JUMAT);KOTA SURABAYA;2
CLIKEBOMAS-CLIKEBOMAS;JAWA TIMUR;3
CLIKEBOMAS-CLIKLOJEN(SELASA);JAWA TIMUR;3
CLIKEBOMAS-CLIMOJOSARI(KAMIS);JAWA TIMUR;3
CLIKEBOMAS-CLITENGGILIS MEJOYO(RABU);KOTA SURABAYA;2
CMXASEMROWO-CMXABIANSEMAL;BALI;5
CMXBENOWO-CMXBATUJAJAR;JAWA BARAT;6
CMXBENOWO-CMXBATUJAJAR;JAWA BARAT;6
CMXBENOWO-CMXBATUJAJAR;JAWA BARAT;6
CMXBENOWO-CMXBATUJAJAR;JAWA BARAT;6
CMXBENOWO-CMXBEJI;JABODETABEK;6
CMXBENOWO-CMXBEJI;JABODETABEK;6
CMXBENOWO-CMXBEJI PASURUAN;KOTA SURABAYA;2
CMXBENOWO-CMXBEJI PASURUAN;KOTA SURABAYA;2
CMXBENOWO-CMXBEJI PASURUAN;KOTA SURABAYA;2
CMXBENOWO-CMXBEJI PASURUAN;KOTA SURABAYA;2
CMXBENOWO-CMXBENOWO;KOTA SURABAYA;2
CMXBENOWO-CMXBENOWO;KOTA SURABAYA;2
CMXBENOWO-CMXBENOWO;KOTA SURABAYA;2
CMXBENOWO-CMXBENOWO;JAWA TIMUR;3
CMXBENOWO-CMXCISALAK SUBANG;JAWA BARAT;6
CMXBENOWO-CMXCISALAK SUBANG;JAWA BARAT;6
CMXBENOWO-CMXGEDANGAN;KOTA SURABAYA;2
CMXBENOWO-CMXGEDANGAN;KOTA SURABAYA;2
CMXBENOWO-CMXGEDANGAN;KOTA SURABAYA;2
CMXBENOWO-CMXGEDANGAN;KOTA SURABAYA;2
CMXBENOWO-CMXGEDANGAN;KOTA SURABAYA;2
CMXBENOWO-CMXGEKBRONG;JAWA BARAT;6
CMXBENOWO-CMXGEMPOL;KOTA SURABAYA;2
CMXBENOWO-CMXGEMPOL;KOTA SURABAYA;2
CMXBENOWO-CMXGEMPOL;KOTA SURABAYA;2
CMXBENOWO-CMXGUNUNG PUTRI;JABODETABEK;6
CMXBENOWO-CMXGUNUNG PUTRI;JABODETABEK;6
CMXBENOWO-CMXGUNUNG PUTRI;JABODETABEK;6
CMXBENOWO-CMXGUNUNG PUTRI;JABODETABEK;6
CMXBENOWO-CMXKARTASURA;JAWA TENGAH;5
CMXBENOWO-CMXKARTASURA;JAWA TENGAH;5
CMXBENOWO-CMXKARTASURA;JAWA TENGAH;5
CMXBENOWO-CMXKARTASURA;JAWA TENGAH;5
CMXBENOWO-CMXKERAMBITAN;BALI;5
CMXBENOWO-CMXKERAMBITAN;BALI;5
CMXBENOWO-CMXKERAMBITAN;BALI;5
CMXBENOWO-CMXNGORO;KOTA SURABAYA;2
CMXBENOWO-CMXNGORO;KOTA SURABAYA;2
CMXBENOWO-CMXNGORO;JAWA TIMUR;3
CMXBENOWO-CMXNGORO;JAWA TIMUR;3
CMXBENOWO-CMXNGORO;JAWA TIMUR;3
CMXBENOWO-CMXPANDAAN;KOTA SURABAYA;2
CMXBENOWO-CMXPANDAAN;KOTA SURABAYA;2
CMXBENOWO-CMXPANDAAN;KOTA SURABAYA;2
CMXBENOWO-CMXPANDAAN;KOTA SURABAYA;2
CMXBENOWO-CMXPANDAAN;KOTA SURABAYA;2
CMXBENOWO-CMXPANDAAN(BERLINA);KOTA SURABAYA;2
CMXBENOWO-CMXPOLANHARJO;JAWA TENGAH;5
CMXBENOWO-CMXPOLANHARJO;JAWA TENGAH;5
CMXBENOWO-CMXPOLANHARJO;JAWA TENGAH;5
CMXBENOWO-CMXPOLANHARJO;JAWA TENGAH;5
CMXBENOWO-CMXPOLANHARJO;JAWA TENGAH;5
CMXBENOWO-CMXPOLANHARJO;JAWA TENGAH;5
CMXBENOWO-CMXPOLANHARJO(PP);JAWA TENGAH;5
CMXBENOWO-CMXSUKOREJO;KOTA SURABAYA;2
CMXBENOWO-CMXSUKOREJO;KOTA SURABAYA;2
CMXBENOWO-CMXSUKOREJO;JAWA TENGAH;5
CMXBENOWO-CMXSUKOREJO;JAWA TENGAH;5
CMXBENOWO-CMXSUKOREJO;JAWA TENGAH;5
CMXBENOWO-CMXSUKOREJO PASURUAN;JAWA TIMUR;3
CMXBENOWO-CMXSUKOREJO PASURUAN;JAWA TIMUR;3
CMXBENOWO-CMXSUKOREJO PASURUAN;JAWA TIMUR;3
CMXBENOWO-CMXSUKOREJO PASURUAN;JAWA TIMUR;3
CMXKEBOMAS-CMXBATUJAJAR;JAWA BARAT;6
CMXKEBOMAS-CMXBATUJAJAR;JAWA BARAT;6
CMXKEBOMAS-CMXBEJI PASURUAN;KOTA SURABAYA;2
CMXKEBOMAS-CMXCISALAK SUBANG;JAWA BARAT;6
CMXKEBOMAS-CMXGEDANGAN;KOTA SURABAYA;2
CMXKEBOMAS-CMXGEDANGAN;JAWA TIMUR;3
CMXKEBOMAS-CMXGEMPOL;JAWA BARAT;6
CMXKEBOMAS-CMXKARTASURA;JAWA TENGAH;5
CMXKEBOMAS-CMXNGORO;JAWA TIMUR;3
CMXKEBOMAS-CMXNGORO;JAWA TIMUR;3
CMXKEBOMAS-CMXPOLANHARJO;JAWA TENGAH;5
CMXKEBOMAS-CMXPOLANHARJO;JAWA TENGAH;5
CMXKEBOMAS-CMXPOLANHARJO;JAWA TENGAH;5
CMXKEBOMAS-CMXPOLANHARJO;JAWA TENGAH;5
CMXKEBOMAS-CMXPOLANHARJO;JAWA TENGAH;5
CMXKEBOMAS-CMXPOLANHARJO;JAWA TENGAH;5
CMXKEBOMAS-CMXPOLANHARJO;JAWA TENGAH;5
CMXKEBOMAS-CMXPOLANHARJO;JAWA TENGAH;5
CMXKEBOMAS-CMXPOLANHARJO;JAWA TENGAH;5
CMXKEBOMAS-CMXPOLANHARJO(PP);JAWA TENGAH;5
CMXKEBOMAS-CMXSUKOREJO PASURUAN;KOTA SURABAYA;2
CMXKEBOMAS-CMXSUKOREJO PASURUAN;KOTA SURABAYA;2
CMXKEBOMAS-CMXSUKOREJO PASURUAN;KOTA SURABAYA;2
CMXKEBOMAS-CMXSUKOREJO PASURUAN;KOTA SURABAYA;2
CMXNGORO-CMXBENOWO;KOTA SURABAYA;2
CMXNGORO-CMXPOLANHARJO;JAWA TENGAH;5
CMXNGORO-CMXPOLANHARJO;JAWA TENGAH;5
CMXNGORO-CMXPOLANHARJO;JAWA TENGAH;5
CMXNGORO-CMXPOLANHARJO;JAWA TENGAH;5
CMXNGORO-CMXPOLANHARJO;JAWA TENGAH;5
CMXNGORO-CMXPOLANHARJO;JAWA TENGAH;5
CMXPABEAN CANTIAN-CMXABIANSEMAL;BALI;5
CMXPABEAN CANTIAN-CMXABIANSEMAL;BALI;5
CMXPABEAN CANTIAN-CMXBENOWO;KOTA SURABAYA;2
CMXPABEAN CANTIAN-CMXBENOWO;KOTA SURABAYA;2
CMXPABEAN CANTIAN-CMXBENOWO;KOTA SURABAYA;2
CMXPABEAN CANTIAN-CMXKEBOMAS;KOTA SURABAYA;2
CMXPABEAN CANTIAN-CMXKEBOMAS;KOTA SURABAYA;2
CMXPABEAN CANTIAN-CMXKEBOMAS;JAWA TIMUR;3
CMXPABEAN CANTIAN-CMXPOLANHARJO;JAWA TENGAH;5
CMXPANDAAN-CMXBENOWO;KOTA SURABAYA;2
CMXPANDAAN-CMXBENOWO;KOTA SURABAYA;2
CMXPANDAAN-CMXBENOWO;KOTA SURABAYA;2
CMXPANDAAN-CMXBENOWO;KOTA SURABAYA;2
CMXPANDAAN-CMXGEKBRONG;JAWA BARAT;6
CMXPANDAAN-CMXSEDATI;KOTA SURABAYA;2
CMXPANDAAN-CMXSEDATI;KOTA SURABAYA;2
CMXPANDAAN-CMXSEDATI;JAWA TIMUR;3
CMXSUKOREJO PASURUAN-CMXBENOWO;JAWA TIMUR;3
CRPASEMROWO-CRPDAYEUHKOLOT;JAWA BARAT;6
CSMRUNGKUT-CSMBENOWO;KOTA SURABAYA;2
CSMRUNGKUT-CSMBENOWO;KOTA SURABAYA;2
CSMRUNGKUT-CSMBENOWO;KOTA SURABAYA;2
CSMRUNGKUT-CSMPABEAN CANTIAN;KOTA SURABAYA;2
CSMRUNGKUT-CSMPABEAN CANTIAN;KOTA SURABAYA;2
CSMRUNGKUT-CSMPABEAN CANTIAN;KOTA SURABAYA;2
CSOASEMROWO-CSOASEMROWO;JAWA TIMUR;3
CSOASEMROWO-CSOBENOWO;KOTA SURABAYA;2
CSOASEMROWO-CSOGRESIK;KOTA SURABAYA;2
CSOASEMROWO-CSOGUBENG;JAWA TIMUR;3
CSOASEMROWO-CSOKEBOMAS;KOTA SURABAYA;2
CSOASEMROWO-CSOKEBOMAS;KOTA SURABAYA;2
CSOBANJARANGKAN-CSOKEBOMAS(PRB);KOTA SURABAYA;2
CSOBENOWO-CSOGRESIK;KOTA SURABAYA;2
CSOBENOWO-CSOKEBOMAS;KOTA SURABAYA;2
CSOBENOWO-CSONGORO;KOTA SURABAYA;2
CSOBENOWO-CSOPOLANHARJO;JAWA TENGAH;5
CSOBENOWO-CSOPOLANHARJO(1P);JAWA TENGAH;5
CSOBENOWO-CSOPOLANHARJO(BL);JAWA TENGAH;5
CSOCANDI-CSOGUBENG;JAWA TIMUR;3
CSOGRESIK-CSONGORO;KOTA SURABAYA;2
CSOGRESIK-CSOPOLANHARJO(1P);JAWA TENGAH;5
CSOGRESIK-CSOPOLANHARJO(BL);JAWA TENGAH;5
CSORUNGKUT-CSOCIBITUNG;JABODETABEK;6
CSORUNGKUT-CSOCIBITUNG(VN);JABODETABEK;6
CSORUNGKUT-CSOKEBOMAS;JAWA TIMUR;3
CSOSIDOARJO-CSOGRESIK;KOTA SURABAYA;2
DITPANDAAN-DITCILEUNGSI;JABODETABEK;6
ECICANDI-ECISIDOARJO;KOTA SURABAYA;2
ECICANDI-ECISIDOARJO;KOTA SURABAYA;2
ECISIDOARJO-ECICANDI;KOTA SURABAYA;2
ECISIDOARJO-ECICANDI;KOTA SURABAYA;2
ECISIDOARJO-ECISIDOARJO;KOTA SURABAYA;2
ECISIDOARJO-ECISIDOARJO(BL);KOTA SURABAYA;2
ERPBEJI-ERPBENOWO;KOTA SURABAYA;2
ERPBENOWO-ERPCIKARANG UTARA;JABODETABEK;6
ERPJOMBANG-ERPCIBINONG;JABODETABEK;6
ERPPANDAAN-ERPBATUCEPER;JABODETABEK;6
ERPPANDAAN-ERPREGOL;JAWA BARAT;6
ERPSIDOARJO-ERPBATUCEPER;JABODETABEK;6
ETICANDI-ETIKEBOMAS;KOTA SURABAYA;2
ETIKEBOMAS-ETISIDOARJO;KOTA SURABAYA;2
ETIKEBOMAS-ETISIDOARJO;KOTA SURABAYA;2
ETIKEBOMAS-ETISIDOARJO;KOTA SURABAYA;2
ETIKEBOMAS-ETISIDOARJO;KOTA SURABAYA;2
ETIKEBOMAS-ETISIDOARJO;KOTA SURABAYA;2
ETIKEBOMAS-ETISIDOARJO;KOTA SURABAYA;2
ETIKEBOMAS-ETISIDOARJO;KOTA SURABAYA;2
ETIKEBOMAS-ETISIDOARJO;KOTA SURABAYA;2
ETISIDOARJO-ETIKEBOMAS(BL);KOTA SURABAYA;2
ETISIDOARJO-ETIKEBOMAS(BL);KOTA SURABAYA;2
ETISIDOARJO-ETIKEBOMAS(BL);KOTA SURABAYA;2
EXIM_AIDASEMROWO-EXIM_AIDASEMROWO;JAWA TIMUR;3
EXIM_AIDASEMROWO-EXIM_AIDASEMROWO;KOTA SURABAYA;2
EXIM_AIDASEMROWO-EXIM_AIDASEMROWO;KOTA SURABAYA;2
EXIM_AIDASEMROWO-EXIM_AIDBENOWO;KOTA SURABAYA;2
EXIM_AIDASEMROWO-EXIM_AIDRUNGKUT;KOTA SURABAYA;2
EXIM_AIDBENOWO-EXIM_AIDASEMROWO;JAWA TIMUR;3
EXIM_AIDPABEAN CANTIAN-EXIM_AIDASEMROWO;JAWA TIMUR;3
EXIM_AIDPABEAN CANTIAN-EXIM_AIDASEMROWO;JAWA TIMUR;3
EXIM_AIDPABEAN CANTIAN-EXIM_AIDASEMROWO;JAWA TIMUR;3
EXIM_AIDPABEAN CANTIAN-EXIM_AIDASEMROWO;KOTA SURABAYA;2
EXIM_AIDPABEAN CANTIAN-EXIM_AIDSIDOARJO;KOTA SURABAYA;2
EXIM_AIDPABEAN CANTIAN-EXIM_AIDSIDOARJO;KOTA SURABAYA;2
EXIM_AOPASEMROWO-EXIM_AOPMENGANTI;KOTA SURABAYA;2
EXIM_AOPASEMROWO-EXIM_AOPMENGANTI;KOTA SURABAYA;2
EXIM_AOPBENOWO-EXIM_AOPMENGANTI;KOTA SURABAYA;2
EXIM_AOPBENOWO-EXIM_AOPMENGANTI;KOTA SURABAYA;2
EXIM_AOPBENOWO-EXIM_AOPMENGANTI;KOTA SURABAYA;2
EXIM_AOPBENOWO-EXIM_AOPMENGANTI;KOTA SURABAYA;2
EXIM_AOPPABEAN CANTIAN-EXIM_AOPMENGANTI;KOTA SURABAYA;2
EXIM_AOPPABEAN CANTIAN-EXIM_AOPMENGANTI;KOTA SURABAYA;2
EXIM_AOPPABEAN CANTIAN-EXIM_AOPMENGANTI;KOTA SURABAYA;2
EXIM_AOPPABEAN CANTIAN-EXIM_AOPMENGANTI;KOTA SURABAYA;2
EXIM_AOPPABEAN CANTIAN-EXIM_AOPMENGANTI;KOTA SURABAYA;2
EXIM_BESPABEAN CANTIAN-EXIM_BESMANYAR;KOTA SURABAYA;2
EXIM_BHMSIDOARJO-EXIM_BHMBENOWO;JAWA TIMUR;3
EXIM_BSAASEMROWO-EXIM_BSAGAMPENGREJO;JAWA TIMUR;3
EXIM_CAPASEMROWO-EXIM_CAPKEBOMAS;JAWA TENGAH;5
EXIM_CAPASEMROWO-EXIM_CAPKEBOMAS;KOTA SURABAYA;2
EXIM_CAPPABEAN CANTIAN-EXIM_CAPKEBOMAS;KOTA SURABAYA;2
EXIM_DKJASEMROWO-EXIM_DKJMANYAR;KOTA SURABAYA;2
EXIM_DKJASEMROWO-EXIM_DKJMANYAR;JAWA TENGAH;5
EXIM_DKJBENOWO-EXIM_DKJMANYAR;JAWA TIMUR;3
EXIM_DKJBENOWO-EXIM_DKJMANYAR;JAWA TIMUR;3
EXIM_DKJBENOWO-EXIM_DKJMANYAR;JAWA TIMUR;3
EXIM_DKJMANYAR-EXIM_DKJBENOWO;KOTA SURABAYA;2
EXIM_DKJMANYAR-EXIM_DKJPABEAN CANTIAN;KOTA SURABAYA;2
EXIM_DKJMANYAR-EXIM_DKJPABEAN CANTIAN;KOTA SURABAYA;2
EXIM_DKJPABEAN CANTIAN-EXIM_DKJMANYAR;KOTA SURABAYA;2
EXIM_DKJPABEAN CANTIAN-EXIM_DKJMANYAR;JAWA TIMUR;3
EXIM_DKJPABEAN CANTIAN-EXIM_DKJMANYAR;KOTA SURABAYA;2
EXIM_ELIASEMROWO-EXIM_ELIGRESIK;KOTA SURABAYA;2
EXIM_ELIBENOWO-EXIM_ELIGRESIK;JAWA TIMUR;3
EXIM_ELIBENOWO-EXIM_ELIGRESIK;KOTA SURABAYA;2
EXIM_ELIBENOWO-EXIM_ELIGRESIK;KOTA SURABAYA;2
EXIM_ELIBENOWO-EXIM_ELIGRESIK;KOTA SURABAYA;2
EXIM_ELIKREMBANGAN-EXIM_ELIGRESIK;JAWA TIMUR;3
EXIM_ELIPABEAN CANTIAN-EXIM_ELIGRESIK;KOTA SURABAYA;2
EXIM_ELIPABEAN CANTIAN-EXIM_ELIGRESIK;KOTA SURABAYA;2
EXIM_ELIPABEAN CANTIAN-EXIM_ELIGRESIK;KOTA SURABAYA;2
EXIM_ELIPABEAN CANTIAN-EXIM_ELIGRESIK;KOTA SURABAYA;2
EXIM_ELIPABEAN CANTIAN-EXIM_ELIGRESIK;KOTA SURABAYA;2
EXIM_ELIPABEAN CANTIAN-EXIM_ELIGRESIK;KOTA SURABAYA;2
EXIM_ELIPABEAN CANTIAN-EXIM_ELIPABEAN CANTIAN;KOTA SURABAYA;2
EXIM_FITASEMROWO-EXIM_FITMANYAR;JAWA TENGAH;5
EXIM_FITASEMROWO-EXIM_FITMANYAR;KOTA SURABAYA;2
EXIM_FITBENOWO-EXIM_FITMANYAR;KOTA SURABAYA;2
EXIM_FITPABEAN CANTIAN-EXIM_FITMANYAR;KOTA SURABAYA;2
EXIM_FITPABEAN CANTIAN-EXIM_FITMANYAR;KOTA SURABAYA;2
EXIM_FITPABEAN CANTIAN-EXIM_FITMANYAR;KOTA SURABAYA;2
EXIM_GCMPABEAN CANTIAN-EXIM_GCMASEMROWO;KOTA SURABAYA;2
EXIM_GCMPABEAN CANTIAN-EXIM_GCMASEMROWO;KOTA SURABAYA;2
EXIM_GCMPABEAN CANTIAN-EXIM_GCMASEMROWO;KOTA SURABAYA;2
EXIM_GCMPABEAN CANTIAN-EXIM_GCMASEMROWO;KOTA SURABAYA;2
EXIM_GCMPABEAN CANTIAN-EXIM_GCMASEMROWO;KOTA SURABAYA;2
EXIM_GCMPABEAN CANTIAN-EXIM_GCMBEJI;KOTA SURABAYA;2
EXIM_GCMPABEAN CANTIAN-EXIM_GCMBEJI;KOTA SURABAYA;2
EXIM_GCMPABEAN CANTIAN-EXIM_GCMBUDURAN;KOTA SURABAYA;2
EXIM_GCMPABEAN CANTIAN-EXIM_GCMBUDURAN;KOTA SURABAYA;2
EXIM_GCMPABEAN CANTIAN-EXIM_GCMDIWEK;JAWA TIMUR;3
EXIM_GCMPABEAN CANTIAN-EXIM_GCMDIWEK;JAWA TIMUR;3
EXIM_GCMPABEAN CANTIAN-EXIM_GCMDIWEK;KOTA SURABAYA;2
EXIM_GCMPABEAN CANTIAN-EXIM_GCMGEDANGAN;KOTA SURABAYA;2
EXIM_GCMPABEAN CANTIAN-EXIM_GCMGEDANGAN;KOTA SURABAYA;2
EXIM_GCMPABEAN CANTIAN-EXIM_GCMGEDANGAN;KOTA SURABAYA;2
EXIM_GCMPABEAN CANTIAN-EXIM_GCMGEDANGAN;KOTA SURABAYA;2
EXIM_GCMPABEAN CANTIAN-EXIM_GCMGEDANGAN;KOTA SURABAYA;2
EXIM_GCMPABEAN CANTIAN-EXIM_GCMGEMPOL;KOTA SURABAYA;2
EXIM_GCMPABEAN CANTIAN-EXIM_GCMGEMPOL;KOTA SURABAYA;2
EXIM_GCMPABEAN CANTIAN-EXIM_GCMGEMPOL;KOTA SURABAYA;2
EXIM_GCMPABEAN CANTIAN-EXIM_GCMGEMPOL;KOTA SURABAYA;2
EXIM_GCMPABEAN CANTIAN-EXIM_GCMGEMPOL;KOTA SURABAYA;2
EXIM_GCMPABEAN CANTIAN-EXIM_GCMJETIS;KOTA SURABAYA;2
EXIM_GCMPABEAN CANTIAN-EXIM_GCMJETIS;KOTA SURABAYA;2
EXIM_GCMPABEAN CANTIAN-EXIM_GCMJETIS;KOTA SURABAYA;2
EXIM_GCMPABEAN CANTIAN-EXIM_GCMKARANGPILANG;JAWA TIMUR;3
EXIM_GCMPABEAN CANTIAN-EXIM_GCMKEBOMAS;KOTA SURABAYA;2
EXIM_GCMPABEAN CANTIAN-EXIM_GCMKEBOMAS;KOTA SURABAYA;2
EXIM_GCMPABEAN CANTIAN-EXIM_GCMKEBOMAS;KOTA SURABAYA;2
EXIM_GCMPABEAN CANTIAN-EXIM_GCMKEBOMAS;KOTA SURABAYA;2
EXIM_GCMPABEAN CANTIAN-EXIM_GCMKEBOMAS;KOTA SURABAYA;2
EXIM_GCMPABEAN CANTIAN-EXIM_GCMKREMBANGAN;JAWA TIMUR;3
EXIM_GCMPABEAN CANTIAN-EXIM_GCMKRIAN;KOTA SURABAYA;2
EXIM_GCMPABEAN CANTIAN-EXIM_GCMMENGANTI;KOTA SURABAYA;2
EXIM_GCMPABEAN CANTIAN-EXIM_GCMMENGANTI;JAWA TIMUR;3
EXIM_GCMPABEAN CANTIAN-EXIM_GCMNGORO;KOTA SURABAYA;2
EXIM_GCMPABEAN CANTIAN-EXIM_GCMNGORO;KOTA SURABAYA;2
EXIM_GCMPABEAN CANTIAN-EXIM_GCMPACE;KOTA SURABAYA;2
EXIM_GCMPABEAN CANTIAN-EXIM_GCMPUNGGING;KOTA SURABAYA;2
EXIM_GCMPABEAN CANTIAN-EXIM_GCMPUNGGING;KOTA SURABAYA;2
EXIM_GCMPABEAN CANTIAN-EXIM_GCMREMBANG PASURUAN;KOTA SURABAYA;2
EXIM_GCMPABEAN CANTIAN-EXIM_GCMRUNGKUT;KOTA SURABAYA;2
EXIM_GCMPABEAN CANTIAN-EXIM_GCMRUNGKUT;KOTA SURABAYA;2
EXIM_GCMPABEAN CANTIAN-EXIM_GCMRUNGKUT;KOTA SURABAYA;2
EXIM_GCMPABEAN CANTIAN-EXIM_GCMRUNGKUT;KOTA SURABAYA;2
EXIM_GCMPABEAN CANTIAN-EXIM_GCMSEDATI;JAWA TIMUR;3
EXIM_GCMPABEAN CANTIAN-EXIM_GCMSEDATI;JAWA TIMUR;3
EXIM_GCMPABEAN CANTIAN-EXIM_GCMSIDOARJO;KOTA SURABAYA;2
EXIM_GCMPABEAN CANTIAN-EXIM_GCMSIDOARJO;KOTA SURABAYA;2
EXIM_GCMPABEAN CANTIAN-EXIM_GCMSIDOARJO;KOTA SURABAYA;2
EXIM_GCMPABEAN CANTIAN-EXIM_GCMSINGOSARI;JAWA TIMUR;3
EXIM_GCMPABEAN CANTIAN-EXIM_GCMSINGOSARI;JAWA TIMUR;3
EXIM_GCMPABEAN CANTIAN-EXIM_GCMSINGOSARI;JAWA TIMUR;3
EXIM_GCMPABEAN CANTIAN-EXIM_GCMSINGOSARI;JAWA TIMUR;3
EXIM_GCMPABEAN CANTIAN-EXIM_GCMSINGOSARI;KOTA SURABAYA;2
EXIM_GCMPABEAN CANTIAN-EXIM_GCMSUKODONO;KOTA SURABAYA;2
EXIM_GCMPABEAN CANTIAN-EXIM_GCMSUKOMANUNGGAL;KOTA SURABAYA;2
EXIM_GCMPABEAN CANTIAN-EXIM_GCMSUKOMANUNGGAL;KOTA SURABAYA;2
EXIM_GCMPABEAN CANTIAN-EXIM_GCMSUKOREJO;KOTA SURABAYA;2
EXIM_GCMPABEAN CANTIAN-EXIM_GCMSUKOREJO;KOTA SURABAYA;2
EXIM_GCMPABEAN CANTIAN-EXIM_GCMSUKOREJO;KOTA SURABAYA;2
EXIM_GCMPABEAN CANTIAN-EXIM_GCMTAMAN;JAWA TENGAH;5
EXIM_GCMPABEAN CANTIAN-EXIM_GCMTAMAN;KOTA SURABAYA;2
EXIM_GCMPABEAN CANTIAN-EXIM_GCMTAMAN;KOTA SURABAYA;2
EXIM_GCMPABEAN CANTIAN-EXIM_GCMWARU;KOTA SURABAYA;2
EXIM_GCMPABEAN CANTIAN-EXIM_GCMWARU;KOTA SURABAYA;2
EXIM_GCMPABEAN CANTIAN-EXIM_GCMWARU;KOTA SURABAYA;2
EXIM_GCMPABEAN CANTIAN-EXIM_GCMWONOAYU;JAWA TIMUR;3
EXIM_GCMPABEAN CANTIAN-EXIM_GCMWONOAYU;KOTA SURABAYA;2
EXIM_GCMPABEAN CANTIAN-EXIM_GCMWONOAYU;KOTA SURABAYA;2
EXIM_GELGEDANGAN-EXIM_GELPABEAN CANTIAN;KOTA SURABAYA;2
EXIM_GPJBENOWO-EXIM_GPJDRIYOREJO;JAWA TIMUR;3
EXIM_GPJBENOWO-EXIM_GPJDRIYOREJO;JAWA TIMUR;3
EXIM_GPJPABEAN CANTIAN-EXIM_GPJDRIYOREJO;KOTA SURABAYA;2
EXIM_GPJPABEAN CANTIAN-EXIM_GPJDRIYOREJO;KOTA SURABAYA;2
EXIM_GPJPABEAN CANTIAN-EXIM_GPJDRIYOREJO;KOTA SURABAYA;2
EXIM_HFIPABEAN CANTIAN-EXIM_HFIMANYAR;KOTA SURABAYA;2
EXIM_HFIPABEAN CANTIAN-EXIM_HFIMANYAR;KOTA SURABAYA;2
EXIM_INDBENOWO-EXIM_INDBEJI;JABODETABEK;6
EXIM_INDBENOWO-EXIM_INDBEJI;JABODETABEK;6
EXIM_INDBENOWO-EXIM_INDBEJI;KOTA SURABAYA;2
EXIM_INDBENOWO-EXIM_INDGEMPOL;KOTA SURABAYA;2
EXIM_INDBENOWO-EXIM_INDPABEAN CANTIAN;KOTA SURABAYA;2
EXIM_INDPABEAN CANTIAN-EXIM_INDBEJI;KOTA SURABAYA;2
EXIM_INDPABEAN CANTIAN-EXIM_INDBEJI;KOTA SURABAYA;2
EXIM_INDPABEAN CANTIAN-EXIM_INDBEJI;KOTA SURABAYA;2
EXIM_INDPABEAN CANTIAN-EXIM_INDBEJI;KOTA SURABAYA;2
EXIM_INDPABEAN CANTIAN-EXIM_INDBEJI;KOTA SURABAYA;2
EXIM_INDPABEAN CANTIAN-EXIM_INDBEJI;KOTA SURABAYA;2
EXIM_INDPABEAN CANTIAN-EXIM_INDPABEAN CANTIAN;KOTA SURABAYA;2
EXIM_ISMASEMROWO-EXIM_ISMPABEAN CANTIAN;KOTA SURABAYA;2
EXIM_ISMASEMROWO-EXIM_ISMPABEAN CANTIAN;KOTA SURABAYA;2
EXIM_ISMPABEAN CANTIAN-EXIM_ISMPABEAN CANTIAN;KOTA SURABAYA;2
EXIM_ISMPABEAN CANTIAN-EXIM_ISMPABEAN CANTIAN;KOTA SURABAYA;2
EXIM_ISMPABEAN CANTIAN-EXIM_ISMPABEAN CANTIAN;KOTA SURABAYA;2
EXIM_ISMPABEAN CANTIAN-EXIM_ISMPABEAN CANTIAN;KOTA SURABAYA;2
EXIM_ISMPABEAN CANTIAN-EXIM_ISMPABEAN CANTIAN;KOTA SURABAYA;2
EXIM_ISSBUDURAN-EXIM_ISSBENOWO;KOTA SURABAYA;2
EXIM_ISSBUDURAN-EXIM_ISSBENOWO;KOTA SURABAYA;2
EXIM_ISSBUDURAN-EXIM_ISSPABEAN CANTIAN;KOTA SURABAYA;2
EXIM_ISSBUDURAN-EXIM_ISSPABEAN CANTIAN;KOTA SURABAYA;2
EXIM_ISSBUDURAN-EXIM_ISSPABEAN CANTIAN;KOTA SURABAYA;2
EXIM_ISSBUDURAN-EXIM_ISSPABEAN CANTIAN;KOTA SURABAYA;2
EXIM_ISSBUDURAN-EXIM_ISSPABEAN CANTIAN;KOTA SURABAYA;2
EXIM_ITTBENOWO-EXIM_ITTBENOWO;JAWA TIMUR;3
EXIM_ITTBENOWO-EXIM_ITTBUDURAN;JAWA TIMUR;3
EXIM_ITTBENOWO-EXIM_ITTKRIAN;KOTA SURABAYA;2
EXIM_ITTBENOWO-EXIM_ITTMENGANTI;KOTA SURABAYA;2
EXIM_ITTBENOWO-EXIM_ITTMENGANTI;KOTA SURABAYA;2
EXIM_ITTKREMBANGAN-EXIM_ITTKRIAN;KOTA SURABAYA;2
EXIM_ITTPABEAN CANTIAN-EXIM_ITTASEMROWO;KOTA SURABAYA;2
EXIM_ITTPABEAN CANTIAN-EXIM_ITTASEMROWO;KOTA SURABAYA;2
EXIM_ITTPABEAN CANTIAN-EXIM_ITTKEBOMAS;JAWA TIMUR;3
EXIM_ITTPABEAN CANTIAN-EXIM_ITTKREMBANGAN;JAWA TIMUR;3
EXIM_ITTPABEAN CANTIAN-EXIM_ITTKRIAN;JAWA TIMUR;3
EXIM_ITTPABEAN CANTIAN-EXIM_ITTKRIAN;JAWA TIMUR;3
EXIM_ITTPABEAN CANTIAN-EXIM_ITTPACE;JAWA TIMUR;3
EXIM_ITTPABEAN CANTIAN-EXIM_ITTSIDOARJO;JAWA TIMUR;3
EXIM_ITTPABEAN CANTIAN-EXIM_ITTSIDOARJO;JAWA TIMUR;3
EXIM_ITTPABEAN CANTIAN-EXIM_ITTSIDOARJO;KOTA SURABAYA;2
EXIM_ITTPABEAN CANTIAN-EXIM_ITTSUKOREJO;KOTA SURABAYA;2
EXIM_ITTPABEAN CANTIAN-EXIM_ITTWARU;KOTA SURABAYA;2
EXIM_ITTPABEAN CANTIAN-EXIM_ITTWARU;KOTA SURABAYA;2
EXIM_ITTPABEAN CANTIAN-EXIM_ITTWONOAYU;JAWA TIMUR;3
EXIM_LAEASEMROWO-EXIM_LAEPABEAN CANTIAN;KOTA SURABAYA;2
EXIM_LAEBENOWO-EXIM_LAEPABEAN CANTIAN;KOTA SURABAYA;2
EXIM_LAEPABEAN CANTIAN-EXIM_LAEASEMROWO;KOTA SURABAYA;2
EXIM_LTGBENOWO-EXIM_LTGMANYAR;KOTA SURABAYA;2
EXIM_LTGBENOWO-EXIM_LTGMANYAR;KOTA SURABAYA;2
EXIM_LTGBENOWO-EXIM_LTGMANYAR;KOTA SURABAYA;2
EXIM_LTGPABEAN CANTIAN-EXIM_LTGMANYAR;JAWA TIMUR;3
EXIM_LTGPABEAN CANTIAN-EXIM_LTGMANYAR;JAWA TIMUR;3
EXIM_LTGPABEAN CANTIAN-EXIM_LTGMANYAR;JAWA TIMUR;3
EXIM_LTGPABEAN CANTIAN-EXIM_LTGMANYAR;KOTA SURABAYA;2
EXIM_LTLASEMROWO(BULK)-EXIM_LTLPABEAN CANTIAN;KOTA SURABAYA;2
EXIM_LTLASEMROWO-EXIM_LTLASEMROWO;JAWA TIMUR;3
EXIM_LTLASEMROWO-EXIM_LTLBENOWO;JAWA TIMUR;3
EXIM_LTLBENOWO-EXIM_LTLASEMROWO;KOTA SURABAYA;2
EXIM_LTLBENOWO-EXIM_LTLASEMROWO;KOTA SURABAYA;2
EXIM_LTLBENOWO-EXIM_LTLASEMROWO;KOTA SURABAYA;2
EXIM_LTLBENOWO-EXIM_LTLGEDANGAN;KOTA SURABAYA;2
EXIM_LTLBENOWO-EXIM_LTLKARANG PILANG;KOTA SURABAYA;2
EXIM_LTLBENOWO-EXIM_LTLKEJAYAN;JAWA TIMUR;3
EXIM_LTLBENOWO-EXIM_LTLKRIAN;KOTA SURABAYA;2
EXIM_LTLBENOWO-EXIM_LTLKRIAN;KOTA SURABAYA;2
EXIM_LTLBENOWO-EXIM_LTLLAWANG;KOTA SURABAYA;2
EXIM_LTLBENOWO-EXIM_LTLMANYAR;KOTA SURABAYA;2
EXIM_LTLBENOWO-EXIM_LTLMANYAR;KOTA SURABAYA;2
EXIM_LTLBENOWO-EXIM_LTLSIDOARJO;KOTA SURABAYA;2
EXIM_LTLBENOWO-EXIM_LTLSIDOARJO(JAPFA);KOTA SURABAYA;2
EXIM_LTLBENOWO-EXIM_LTLWRINGINANOM;JAWA TENGAH;5
EXIM_LTLDRIYOREJO(JADIMAS)-EXIM_LTLPABEAN CANTIAN;KOTA SURABAYA;2
EXIM_LTLDRIYOREJO(JADIMAS)-EXIM_LTLPABEAN CANTIAN;KOTA SURABAYA;2
EXIM_LTLDRIYOREJO(JADIMAS)-EXIM_LTLPABEAN CANTIAN;KOTA SURABAYA;2
EXIM_LTLDRIYOREJO(JADIMAS)-EXIM_LTLPABEAN CANTIAN;KOTA SURABAYA;2
EXIM_LTLDRIYOREJO-EXIM_LTLPABEAN CANTIAN;KOTA SURABAYA;2
EXIM_LTLDRIYOREJO-EXIM_LTLPABEAN CANTIAN;KOTA SURABAYA;2
EXIM_LTLMANYAR-EXIM_LTLPABEAN CANTIAN;KOTA SURABAYA;2
EXIM_LTLPABEAN CANTIAN-EXIM_LTLASEMROWO;KOTA SURABAYA;2
EXIM_LTLPABEAN CANTIAN-EXIM_LTLASEMROWO;KOTA SURABAYA;2
EXIM_LTLPABEAN CANTIAN-EXIM_LTLASEMROWO;KOTA SURABAYA;2
EXIM_LTLPABEAN CANTIAN-EXIM_LTLASEMROWO;KOTA SURABAYA;2
EXIM_LTLPABEAN CANTIAN-EXIM_LTLBUDURAN(ELODA);KOTA SURABAYA;2
EXIM_LTLPABEAN CANTIAN-EXIM_LTLBUDURAN(ELODA);KOTA SURABAYA;2
EXIM_LTLPABEAN CANTIAN-EXIM_LTLGEDANGAN;KOTA SURABAYA;2
EXIM_LTLPABEAN CANTIAN-EXIM_LTLGEMPOL;JAWA BARAT;6
EXIM_LTLPABEAN CANTIAN-EXIM_LTLGEMPOL;JAWA BARAT;6
EXIM_LTLPABEAN CANTIAN-EXIM_LTLGUDO;JAWA TIMUR;3
EXIM_LTLPABEAN CANTIAN-EXIM_LTLJETIS;JAWA TENGAH;5
EXIM_LTLPABEAN CANTIAN-EXIM_LTLJETIS;KOTA SURABAYA;2
EXIM_LTLPABEAN CANTIAN-EXIM_LTLJOMBANG;BANTEN;5
EXIM_LTLPABEAN CANTIAN-EXIM_LTLKEBOMAS;JAWA TIMUR;3
EXIM_LTLPABEAN CANTIAN-EXIM_LTLKEBOMAS;KOTA SURABAYA;2
EXIM_LTLPABEAN CANTIAN-EXIM_LTLKEBOMAS;KOTA SURABAYA;2
EXIM_LTLPABEAN CANTIAN-EXIM_LTLKRIAN;KOTA SURABAYA;2
EXIM_LTLPABEAN CANTIAN-EXIM_LTLMANYAR;KOTA SURABAYA;2
EXIM_LTLPABEAN CANTIAN-EXIM_LTLMANYAR;KOTA SURABAYA;2
EXIM_LTLPABEAN CANTIAN-EXIM_LTLMUNCAR;JAWA TIMUR;3
EXIM_LTLPABEAN CANTIAN-EXIM_LTLNGORO;JAWA TIMUR;3
EXIM_LTLPABEAN CANTIAN-EXIM_LTLPURI;KOTA SURABAYA;2
EXIM_LTLPABEAN CANTIAN-EXIM_LTLRUNGKUT;KOTA SURABAYA;2
EXIM_LTLPABEAN CANTIAN-EXIM_LTLSIDOARJO;KOTA SURABAYA;2
EXIM_LTLPABEAN CANTIAN-EXIM_LTLSIDOARJO;KOTA SURABAYA;2
EXIM_LTLPABEAN CANTIAN-EXIM_LTLSIDOARJO(JAPFA);KOTA SURABAYA;2
EXIM_LTLPABEAN CANTIAN-EXIM_LTLSIDOARJO(JAPFA);KOTA SURABAYA;2
EXIM_LTLPABEAN CANTIAN-EXIM_LTLSIDOARJO(JAPFA);KOTA SURABAYA;2
EXIM_LTLPABEAN CANTIAN-EXIM_LTLWONOAYU;JAWA TIMUR;3
EXIM_LTLPABEAN CANTIAN-EXIM_LTLWRINGINANOM;KOTA SURABAYA;2
EXIM_LTLPABEAN CANTIAN-EXIM_LTLWRINGINANOM;KOTA SURABAYA;2
EXIM_LTLPABEAN CANTIAN-EXIM_LTLWRINGINANOM;KOTA SURABAYA;2
EXIM_LTLPABEAN CANTIAN-LTLASEMROWO;JAWA TIMUR;3
EXIM_LTLPABEAN CANTIAN-LTLASEMROWO;JAWA TIMUR;3
EXIM_LTLPABEAN CANTIAN-LTLASEMROWO;JAWA TIMUR;3
EXIM_LTLPABEAN CANTIAN-LTLASEMROWO;JAWA TIMUR;3
EXIM_LTLPABEAN CANTIAN-LTLNGORO;JAWA TIMUR;3
EXIM_LTLPABEAN CANTIAN-LTLSIDOARJO;JAWA TIMUR;3
EXIM_LTLPABEAN CANTIAN-LTLWRINGINANOM;KOTA SURABAYA;2
EXIM_MALBENOWO-EXIM_MALNGORO;KOTA SURABAYA;2
EXIM_MALPABEAN CANTIAN-EXIM_MALNGORO;KOTA SURABAYA;2
EXIM_MBIBENOWO-EXIM_MBITULANGAN;JAWA TIMUR;3
EXIM_MBITULANGAN-EXIM_MBIBENOWO;JAWA TIMUR;3
EXIM_MBITULANGAN-EXIM_MBIBENOWO;JAWA TIMUR;3
EXIM_MBITULANGAN-MBIPABEAN CANTIAN;KOTA SURABAYA;2
EXIM_MMMBENOWO-EXIM_MMMBUDURAN;KOTA SURABAYA;2
EXIM_MMMBENOWO-EXIM_MMMBUDURAN;KOTA SURABAYA;2
EXIM_MMMPABEAN CANTIAN-EXIM_MMMBUDURAN;KOTA SURABAYA;2
EXIM_MTJPABEAN CANTIAN-EXIM_MTJASEMROWO;KOTA SURABAYA;2
EXIM_MTJPABEAN CANTIAN-EXIM_MTJASEMROWO;JAWA TIMUR;3
EXIM_MUMBENOWO-EXIM_MUMTARIK;KOTA SURABAYA;2
EXIM_MUMBENOWO-EXIM_MUMTARIK;KOTA SURABAYA;2
EXIM_MUMBENOWO-EXIM_MUMTARIK;JAWA TIMUR;3
EXIM_MUMBENOWO-EXIM_MUMTARIK;KOTA SURABAYA;2
EXIM_MUMTARIK-EXIM_MUMBENOWO;KOTA SURABAYA;2
EXIM_PPTASEMROWO-EXIM_PPTBENOWO;KOTA SURABAYA;2
EXIM_PPTBENOWO-EXIM_PPTASEMROWO;KOTA SURABAYA;2
EXIM_PPTBENOWO-EXIM_PPTKEBOMAS;KOTA SURABAYA;2
EXIM_PPTBENOWO-EXIM_PPTKRIAN;KOTA SURABAYA;2
EXIM_PPTBENOWO-EXIM_PPTKRIAN;KOTA SURABAYA;2
EXIM_PPTPABEAN CANTIAN-EXIM_PPTASEMROWO;KOTA SURABAYA;2
EXIM_PPTPABEAN CANTIAN-EXIM_PPTASEMROWO;KOTA SURABAYA;2
EXIM_PPTPABEAN CANTIAN-EXIM_PPTKEBOMAS;KOTA SURABAYA;2
EXIM_PPTPABEAN CANTIAN-EXIM_PPTSINGOSARI;KOTA SURABAYA;2
EXIM_RKNASEMROWO-EXIM_RKNASEMROWO;KOTA SURABAYA;2
EXIM_RKNASEMROWO-EXIM_RKNASEMROWO;KOTA SURABAYA;2
EXIM_RKNASEMROWO-EXIM_RKNASEMROWO;KOTA SURABAYA;2
EXIM_RKNASEMROWO-EXIM_RKNBENOWO;KOTA SURABAYA;2
EXIM_RKNASEMROWO-EXIM_RKNBENOWO;KOTA SURABAYA;2
EXIM_RKNASEMROWO-EXIM_RKNBENOWO;KOTA SURABAYA;2
EXIM_RKNASEMROWO-EXIM_RKNBENOWO;KOTA SURABAYA;2
EXIM_RKNASEMROWO-EXIM_RKNPABEAN CANTIAN;KOTA SURABAYA;2
EXIM_RKNBENOWO-EXIM_RKNASEMROWO;KOTA SURABAYA;2
EXIM_RKNMANYAR-EXIM_RKNASEMROWO;KOTA SURABAYA;2
EXIM_RKNMANYAR-EXIM_RKNASEMROWO;KOTA SURABAYA;2
EXIM_RKNMANYAR-EXIM_RKNPABEAN CANTIAN;KOTA SURABAYA;2
EXIM_RKNPABEAN CANTIAN-EXIM_RKNASEMROWO;KOTA SURABAYA;2
EXIM_RKNPABEAN CANTIAN-EXIM_RKNASEMROWO;KOTA SURABAYA;2
EXIM_RKNPABEAN CANTIAN-EXIM_RKNASEMROWO;KOTA SURABAYA;2
EXIM_RKNPABEAN CANTIAN-EXIM_RKNASEMROWO;KOTA SURABAYA;2
EXIM_RPTPUNGGING-EXIM_RPTASEMROWO;JAWA TIMUR;3
EXIM_RPTPUNGGING-EXIM_RPTASEMROWO;JAWA TIMUR;3
EXIM_RPTPUNGGING-EXIM_RPTASEMROWO;KOTA SURABAYA;2
EXIM_SCIPABEAN CANTIAN-EXIM_SCIKEBOMAS;KOTA SURABAYA;2
EXIM_SKYPABEAN CANTIAN-EXIM_SKYGRESIK;JAWA TIMUR;3
EXIM_SMRPABEAN CANTIAN-EXIM_SMRBENOWO;KOTA SURABAYA;2
EXIM_SMRRUNGKUT-EXIM_SMRBENOWO;JAWA TIMUR;3
EXIM_SMRRUNGKUT-EXIM_SMRBENOWO;KOTA SURABAYA;2
EXIM_SMRRUNGKUT-EXIM_SMRBENOWO;KOTA SURABAYA;2
EXIM_SMRRUNGKUT-EXIM_SMRBENOWO;KOTA SURABAYA;2
EXIM_SMRRUNGKUT-EXIM_SMRBENOWO;KOTA SURABAYA;2
EXIM_SMRRUNGKUT-EXIM_SMRBENOWO;KOTA SURABAYA;2
EXIM_SMRRUNGKUT-EXIM_SMRPABEAN CANTIAN;KOTA SURABAYA;2
EXIM_SMRRUNGKUT-EXIM_SMRPABEAN CANTIAN;KOTA SURABAYA;2
EXIM_SMRRUNGKUT-EXIM_SMRPABEAN CANTIAN;KOTA SURABAYA;2
EXIM_SMRRUNGKUT-EXIM_SMRPABEAN CANTIAN;KOTA SURABAYA;2
EXIM_SMRRUNGKUT-EXIM_SMRPABEAN CANTIAN;KOTA SURABAYA;2
EXIM_SMRRUNGKUT-EXIM_SMRPABEAN CANTIAN;KOTA SURABAYA;2
EXIM_SMRRUNGKUT-EXIM_SMRPABEAN CANTIAN;KOTA SURABAYA;2
EXIM_SMTPABEAN CANTIAN-EXIM_SMTTANDES;KOTA SURABAYA;2
EXIM_SSKPABEAN CANTIAN-EXIM_SSKDRIYOREJO;JAWA TIMUR;3
EXIM_SSKPABEAN CANTIAN-EXIM_SSKTAMAN;JAWA TENGAH;5
EXIM_TIUGEMPOL-EXIM_TIUPABEAN CANTIAN;KOTA SURABAYA;2
EXIM_TIVASEMROWO-EXIM_TIVBENOWO;KOTA SURABAYA;2
EXIM_TIVASEMROWO-EXIM_TIVBENOWO;KOTA SURABAYA;2
EXIM_TIVASEMROWO-EXIM_TIVKERAMBITAN;KOTA SURABAYA;2
EXIM_TIVBENOWO-EXIM_TIVBENOWO;KOTA SURABAYA;2
EXIM_TIVBENOWO-EXIM_TIVBENOWO;KOTA SURABAYA;2
EXIM_TIVBENOWO-EXIM_TIVBENOWO;KOTA SURABAYA;2
EXIM_TIVBENOWO-EXIM_TIVBENOWO;KOTA SURABAYA;2
EXIM_TIVGRESIK-EXIM_TIVASEMROWO;KOTA SURABAYA;2
EXIM_TIVPABEAN CANTIAN-EXIM_TIVASEMROWO;KOTA SURABAYA;2
EXIM_TIVPABEAN CANTIAN-EXIM_TIVBENOWO;KOTA SURABAYA;2
EXIM_TIVPABEAN CANTIAN-EXIM_TIVBENOWO;KOTA SURABAYA;2
EXIM_TIVPABEAN CANTIAN-EXIM_TIVBENOWO;KOTA SURABAYA;2
EXIM_TIVPABEAN CANTIAN-EXIM_TIVBENOWO;KOTA SURABAYA;2
EXIM_TIVPABEAN CANTIAN-EXIM_TIVBENOWO;KOTA SURABAYA;2
EXIM_TMIASEMROWO-EXIM_TMIMENGANTI;JAWA TIMUR;3
EXIM_TMIBENOWO-EXIM_TMIMENGANTI;KOTA SURABAYA;2
EXIM_TMIBENOWO-EXIM_TMIMENGANTI;KOTA SURABAYA;2
EXIM_TMIPABEAN CANTIAN-EXIM_TMIMENGANTI;KOTA SURABAYA;2
EXIM_TMIPABEAN CANTIAN-EXIM_TMIMENGANTI;KOTA SURABAYA;2
EXIM_TMIPABEAN CANTIAN-EXIM_TMIMENGANTI;KOTA SURABAYA;2
EXIM_USDASEMROWO-EXIM_USDNGORO;KOTA SURABAYA;2
EXIM_USDASEMROWO-EXIM_USDNGORO;KOTA SURABAYA;2
EXIM_USDPABEAN CANTIAN-EXIM_USDNGORO;KOTA SURABAYA;2
EXIM_USDPABEAN CANTIAN-EXIM_USDNGORO;KOTA SURABAYA;2
EXIM_USDPABEAN CANTIAN-EXIM_USDNGORO;KOTA SURABAYA;2
EXIM_USDPABEAN CANTIAN-EXIM_USDNGORO;KOTA SURABAYA;2
EXIM_USDPABEAN CANTIAN-EXIM_USDNGORO;KOTA SURABAYA;2
EXIM_USDPABEAN CANTIAN-EXIM_USDNGORO;KOTA SURABAYA;2
EXIM_USDPABEAN CANTIAN-EXIM_USDNGORO;KOTA SURABAYA;2
EXIM_USDSEDATI-EXIM_USDNGORO;KOTA SURABAYA;2
EXIM_WIIPABEAN CANTIAN-EXIM_WIIKRIAN;JAWA TIMUR;3
EXIM_WIIPABEAN CANTIAN-EXIM_WIISEDATI;JAWA TIMUR;3
FLINGORO-FLIGUNUNG PUTRI;JABODETABEK;6
FLINGORO-FLIPENJARINGAN;JABODETABEK;6
FLINGORO-FLISIDOARJO;KOTA SURABAYA;2
FLIPRINGAPUS-FLISIDOARJO;JAWA TIMUR;3
FLISIDOARJO-FLICIAMPEL;JAWA BARAT;6
FLISIDOARJO-FLICIKARANG BARAT;JABODETABEK;6
FLISIDOARJO-FLICIKARANG SELATAN;JABODETABEK;6
FLISIDOARJO-FLICIMAHI SELATAN;JAWA BARAT;6
FLISIDOARJO-FLICISAAT;JAWA BARAT;6
FLISIDOARJO-FLIKLARI;JAWA BARAT;6
FLISIDOARJO-FLIPADALARANG;JAWA BARAT;6
FLISIDOARJO-FLIPAKU HAJI;JABODETABEK;6
FLISIDOARJO-FLIPANCORAN MAS;JABODETABEK;6
FLISIDOARJO-FLIPENJARINGAN;JABODETABEK;6
FLISIDOARJO-FLIPRINGAPUS;JAWA TENGAH;5
FLISIDOARJO-FLISUBANG;JAWA BARAT;6
FLISIDOARJO-FLITANJUNG PRIOK;JABODETABEK;6
FLITAMAN-FLINGORO;KOTA SURABAYA;2
GCMASEMROWO-GCMPUNGGING;JAWA TIMUR;3
GCMASEMROWO-GCMPUNGGING;KOTA SURABAYA;2
GCMASEMROWO-GCMRUNGKUT;KOTA SURABAYA;2
GCMASEMROWO-GCMWARU;JAWA TIMUR;3
GCMKEBOMAS-GCMASEMROWO;KOTA SURABAYA;2
GCMKEBOMAS-GCMDIWEK;JAWA TIMUR;3
GCMKEBOMAS-GCMNGORO;JAWA TIMUR;3
GCMKEBOMAS-GCMSINGOSARI;JAWA TIMUR;3
GCMKEBOMAS-GCMSUKOMANUNGGAL;KOTA SURABAYA;2
GCMKEBOMAS-GCMSUKOREJO PASURUAN;;
GCMKEBOMAS-GCMWARU;KOTA SURABAYA;2
GDINGAJUM-GDIBALARAJA;JABODETABEK;6
GDINGAJUM-GDIBAURENO;JAWA TIMUR;3
GDINGAJUM-GDIBOGOR UTARA;JABODETABEK;6
GDINGAJUM-GDICAKUNG;JABODETABEK;6
GDINGAJUM-GDICENGKARENG;JABODETABEK;6
GDINGAJUM-GDICIKARANG BARAT;JABODETABEK;6
GDINGAJUM-GDICIKUPA;JABODETABEK;6
GDINGAJUM-GDICILODONG;JABODETABEK;6
GDINGAJUM-GDICIPARAY;JAWA BARAT;6
GDINGAJUM-GDICISAAT SUKABUMI;JABODETABEK;6
GDINGAJUM-GDIGEDEBAGE;JAWA BARAT;6
GDINGAJUM-GDIHARJAMUKTI;JAWA BARAT;6
GDINGAJUM-GDIJAMBI SELATAN;JAMBI;9
GDINGAJUM-GDIKELAPA DUA TANGERANG;JABODETABEK;6
GDINGAJUM-GDIKELAPA GADING;JABODETABEK;6
GDINGAJUM-GDIPABEAN CANTIAN;KOTA SURABAYA;2
GDINGAJUM-GDIPANDEGLANG;BANTEN;7
GDINGAJUM-GDIPENJARINGAN;JABODETABEK;6
GDINGAJUM-GDISELEBAR;BENGKULU;10
GDINGAJUM-GDISERANG;BANTEN;7
GDINGAJUM-GDISUKAJADI PEKANBARU;RIAU;10
GDINGAJUM-GDISUKARAMI;SUMATERA SELATAN;8
GDINGAJUM-GDITANGERANG;JABODETABEK;6
GDINGAJUM-GDITANJUNG SENANG;LAMPUNG;7
HPKKEBOMAS-HPKRUNGKUT;KOTA SURABAYA;2
HPKKEBOMAS-HPKRUNGKUT;KOTA SURABAYA;2
INSKEJAYAN(1P)-INSBANJARNEGARA;JAWA TENGAH;5
INSKEJAYAN(1P)-INSBANYUMAS;JAWA TENGAH;5
INSKEJAYAN(1P)-INSBLORA;JAWA TENGAH;5
INSKEJAYAN(1P)-INSPOLANHARJO;JAWA TENGAH;5
INSKEJAYAN(1P)-INSPURWOREJO;JAWA TENGAH;5
INSKEJAYAN(1P)-INSREMBANG;JAWA TENGAH;5
INSKEJAYAN(1P)-INSSECANG;JAWA TENGAH;5
INSKEJAYAN(1P)-INSSIDOREJO SALATIGA;JAWA TENGAH;5
INSKEJAYAN(1P)-INSSUKOHARJO;JAWA TENGAH;5
INSKEJAYAN(1P)-INSTEMPURAN MAGELANG;JAWA TENGAH;5
INSKEJAYAN(1P)-INSUMBULHARJO;JAWA TENGAH;5
INSKEJAYAN(1P)-INSWONOSARI GUNUNG KIDUL;JAWA TENGAH;5
ITTASEMROWO-ITTCIKUPA;JABODETABEK;6
ITTBENOWO-ITTKRIAN;KOTA SURABAYA;2
ITTKREMBANGAN-ITTKRIAN;KOTA SURABAYA;2
JMSREMBANG PASURUAN-JMSBEJI PASURUAN;KOTA SURABAYA;2
JPLPANDAAN-JPLBANYUURIP;JAWA TENGAH;5
JPLPANDAAN-JPLKEBUMEN;JAWA TENGAH;5
JPLPANDAAN-JPLPURWONEGORO;JAWA TENGAH;5
JPLPANDAAN-JPLSOKARAJA;JAWA TENGAH;5
KFISAYUNG(1P)-KFIKEDUNGWARU;;5
KFISAYUNG(1P)-KFIPETERONGAN;;5
KFISAYUNG-KFIKREMBANGAN(BL);;5
KTIMOJOSARI-KTICIKARANG BARAT;JABODETABEK;6
KTIPANDAAN-KTIJAGAKARSA;JABODETABEK;6
KTIPANDAAN-KTIKOSAMBI;JABODETABEK;6
KTIPANDAAN-KTIPENJARINGAN;JABODETABEK;6
KTITULANGAN-KTICIKARANG BARAT;JABODETABEK;6
KTITULANGAN-KTIKARAWANG TIMUR;JAWA BARAT;6
KTITULANGAN-KTISUKARAJA;JABODETABEK;6
LAMBENOWO-LAMBABAKAN CIPARAY;JAWA BARAT;6
LAMBENOWO-LAMBUBUTAN;KOTA SURABAYA;2
LAMBENOWO-LAMBUBUTAN;KOTA SURABAYA;2
LAMBENOWO-LAMBUBUTAN;KOTA SURABAYA;2
LAMBENOWO-LAMCIBITUNG;JABODETABEK;6
LAMBENOWO-LAMGRESIK;KOTA SURABAYA;2
LAMBENOWO-LAMKEBOMAS;JAWA TIMUR;3
LAMGRESIK-LAMBUBUTAN;KOTA SURABAYA;2
LAMGRESIK-LAMBUBUTAN;KOTA SURABAYA;2
LAMGRESIK-LAMBUBUTAN;KOTA SURABAYA;2
LAMGRESIK-LAMBUBUTAN;KOTA SURABAYA;2
LAMGRESIK-LAMCIBITUNG;JABODETABEK;6
LAMGRESIK-LAMCIBITUNG;JABODETABEK;6
LAMGRESIK-LAMCIBITUNG;JABODETABEK;6
LAMKEBOMAS-LAMBUBUTAN;KOTA SURABAYA;2
LAMKEBOMAS-LAMBUBUTAN;KOTA SURABAYA;2
LAMKEBOMAS-LAMCENGKARENG;JABODETABEK;6
LAMKEBOMAS-LAMCIBITUNG;JABODETABEK;6
LGLDEKET-LGLBANDUNG KULON;;6
LGLDEKET-LGLCIBODAS;JABODETABEK;6
LGLDEKET-LGLGUNUNG PUTRI;JABODETABEK;6
LNKKUTOREJO-LNKCIKUPA;JABODETABEK;6
LNKKUTOREJO-LNKGUNUNG SINDUR;JAWA TENGAH;5
LNKKUTOREJO-LNKKLARI;JAWA BARAT;6
LNKKUTOREJO-LNKMANYAR;KOTA SURABAYA;2
LNKKUTOREJO-LNKMEDAN SATRIA;JABODETABEK;6
LTGASEMROWO-LTGMANYAR;JABODETABEK;6
LTGKELAPA GADING-LTGMANYAR;JABODETABEK;6
LTLASEMROWO (OW)-LTLGEMPOL;JAWA BARAT;6
LTLASEMROWO (OW)-LTLJOMBANG;BANTEN;5
LTLASEMROWO(OW)-LTLMANYAR;KOTA SURABAYA;2
LTLASEMROWO-LTLASEMROWO;KOTA SURABAYA;2
LTLASEMROWO-LTLASEMROWO;KOTA SURABAYA;2
LTLASEMROWO-LTLASEMROWO(BL);KOTA SURABAYA;2
LTLASEMROWO-LTLBADAS KEDIRI;JAWA TIMUR;3
LTLASEMROWO-LTLBALONGBENDO;KOTA SURABAYA;2
LTLASEMROWO-LTLBALONGBENDO(TJIWI);KOTA SURABAYA;2
LTLASEMROWO-LTLBANGIL;JAWA TIMUR;3
LTLASEMROWO-LTLBANGIL;JAWA TIMUR;3
LTLASEMROWO-LTLBANGIL;JAWA TIMUR;3
LTLASEMROWO-LTLBANGIL;KOTA SURABAYA;2
LTLASEMROWO-LTLBANGSAL;KOTA SURABAYA;2
LTLASEMROWO-LTLBATU;JAWA TIMUR;3
LTLASEMROWO-LTLBATU;JAWA TIMUR;3
LTLASEMROWO-LTLBEJI;JAWA TIMUR;3
LTLASEMROWO-LTLBEJI;JAWA TIMUR;3
LTLASEMROWO-LTLBEJI;JAWA TIMUR;3
LTLASEMROWO-LTLBEJI PASURUAN;KOTA SURABAYA;2
LTLASEMROWO-LTLBEJI PASURUAN;KOTA SURABAYA;2
LTLASEMROWO-LTLBENOWO;KOTA SURABAYA;2
LTLASEMROWO-LTLBLIMBING;JAWA TIMUR;3
LTLASEMROWO-LTLBOJONEGORO;JAWA TIMUR;3
LTLASEMROWO-LTLBOJONEGORO;JAWA TIMUR;3
LTLASEMROWO-LTLBUBUTAN;KOTA SURABAYA;2
LTLASEMROWO-LTLBUDURAN;KOTA SURABAYA;2
LTLASEMROWO-LTLBUDURAN;KOTA SURABAYA;2
LTLASEMROWO-LTLBULAK;KOTA SURABAYA;2
LTLASEMROWO-LTLBULULAWANG;JAWA TIMUR;3
LTLASEMROWO-LTLBUNGAH;KOTA SURABAYA;2
LTLASEMROWO-LTLCANDI;KOTA SURABAYA;2
LTLASEMROWO-LTLCERME;KOTA SURABAYA;2
LTLASEMROWO-LTLCIAMPEL;JABODETABEK;6
LTLASEMROWO-LTLCIBITUNG;JABODETABEK;6
LTLASEMROWO-LTLCIBITUNG;JABODETABEK;6
LTLASEMROWO-LTLCIKARANG BARAT;JABODETABEK;6
LTLASEMROWO-LTLCIKARANG PUSAT;JABODETABEK;6
LTLASEMROWO-LTLDAMPIT;KOTA SURABAYA;2
LTLASEMROWO-LTLDRIYOREJO;KOTA SURABAYA;2
LTLASEMROWO-LTLDUKUH PAKIS;KOTA SURABAYA;2
LTLASEMROWO-LTLGAMPENGREJO;JAWA TIMUR;3
LTLASEMROWO-LTLGAYUNGAN;KOTA SURABAYA;2
LTLASEMROWO-LTLGEDANGAN;KOTA SURABAYA;2
LTLASEMROWO-LTLGEDANGAN;KOTA SURABAYA;2
LTLASEMROWO-LTLGEMPOL;JAWA TIMUR;3
LTLASEMROWO-LTLGEMPOL;JAWA TIMUR;3
LTLASEMROWO-LTLGEMPOL;JAWA TIMUR;3
LTLASEMROWO-LTLGEMPOL;JAWA TIMUR;3
LTLASEMROWO-LTLGEMPOL;JAWA TIMUR;3
LTLASEMROWO-LTLGEMPOL;JAWA TIMUR;3
LTLASEMROWO-LTLGENDING;KOTA SURABAYA;2
LTLASEMROWO-LTLGENTENG;KOTA SURABAYA;2
LTLASEMROWO-LTLGRESIK;KOTA SURABAYA;2
LTLASEMROWO-LTLGUBENG;KOTA SURABAYA;2
LTLASEMROWO-LTLGUDO;KOTA SURABAYA;2
LTLASEMROWO-LTLGUDO;KOTA SURABAYA;2
LTLASEMROWO-LTLGUNUNG ANYAR;KOTA SURABAYA;2
LTLASEMROWO-LTLJAMBANGAN;KOTA SURABAYA;2
LTLASEMROWO-LTLJENU TUBAN;JAWA TIMUR;3
LTLASEMROWO-LTLJETIS;KOTA SURABAYA;2
LTLASEMROWO-LTLJOMBANG;JAWA TIMUR;3
LTLASEMROWO-LTLJOMBANG;JAWA TIMUR;3
LTLASEMROWO-LTLJOMBANG;JAWA TIMUR;3
LTLASEMROWO-LTLJOMBANG;JAWA TIMUR;3
LTLASEMROWO-LTLJOMBANG;JAWA TIMUR;3
LTLASEMROWO-LTLKADEMANGAN;JAWA TIMUR;3
LTLASEMROWO-LTLKANIGARAN;JAWA TIMUR;3
LTLASEMROWO-LTLKANIGARAN;JAWA TIMUR;3
LTLASEMROWO-LTLKARANG PILANG;KOTA SURABAYA;2
LTLASEMROWO-LTLKARANG PILANG;KOTA SURABAYA;2
LTLASEMROWO-LTLKARANG PILANG;KOTA SURABAYA;2
LTLASEMROWO-LTLKARANG PLOSO;KOTA SURABAYA;2
LTLASEMROWO-LTLKARTOHARJO;JAWA TIMUR;3
LTLASEMROWO-LTLKARTOHARJO;JAWA TIMUR;3
LTLASEMROWO-LTLKARTOHARJO MADIUN;JAWA TIMUR;3
LTLASEMROWO-LTLKEBOMAS;KOTA SURABAYA;2
LTLASEMROWO-LTLKEBOMAS(BL);KOTA SURABAYA;2
LTLASEMROWO-LTLKEDUNGKANDANG;JAWA TIMUR;3
LTLASEMROWO-LTLKEDUNGKANDANG;JAWA TIMUR;3
LTLASEMROWO-LTLKEDUNGKANDANG;JAWA TIMUR;3
LTLASEMROWO-LTLKEMLAGI;KOTA SURABAYA;2
LTLASEMROWO-LTLKENJERAN;KOTA SURABAYA;2
LTLASEMROWO-LTLKESAMBEN JOMBANG;JAWA TIMUR;3
LTLASEMROWO-LTLKLARI;JAWA BARAT;6
LTLASEMROWO-LTLKLOJEN;JAWA TIMUR;3
LTLASEMROWO-LTLKOTA KEDIRI;JAWA TIMUR;3
LTLASEMROWO-LTLKOTA KEDIRI;JAWA TIMUR;3
LTLASEMROWO-LTLKRAGILAN;BANTEN;5
LTLASEMROWO-LTLKREMBANGAN;KOTA SURABAYA;2
LTLASEMROWO-LTLKRIAN;KOTA SURABAYA;2
LTLASEMROWO-LTLKRIAN;KOTA SURABAYA;2
LTLASEMROWO-LTLKRIAN;KOTA SURABAYA;2
LTLASEMROWO-LTLKUTOREJO;KOTA SURABAYA;2
LTLASEMROWO-LTLLAKARSANTRI;KOTA SURABAYA;2
LTLASEMROWO-LTLLAMONGAN;JAWA TIMUR;3
LTLASEMROWO-LTLLAMONGAN;JAWA TIMUR;3
LTLASEMROWO-LTLLAWANG;JAWA TIMUR;3
LTLASEMROWO-LTLLAWANG;JAWA TIMUR;3
LTLASEMROWO-LTLLAWANG;JAWA TIMUR;3
LTLASEMROWO-LTLLECES;JAWA TIMUR;3
LTLASEMROWO-LTLLECES;JAWA TIMUR;3
LTLASEMROWO-LTLLUMAJANG;JAWA TIMUR;3
LTLASEMROWO-LTLMAGERSARI;KOTA SURABAYA;2
LTLASEMROWO-LTLMANYAR;KOTA SURABAYA;2
LTLASEMROWO-LTLMANYAR;KOTA SURABAYA;2
LTLASEMROWO-LTLMANYAR(DKJ);JAWA TENGAH;5
LTLASEMROWO-LTLMENGANTI;KOTA SURABAYA;2
LTLASEMROWO-LTLMOJOAGUNG;JAWA TIMUR;3
LTLASEMROWO-LTLMOJOANYAR;JAWA TIMUR;3
LTLASEMROWO-LTLMOJOSARI;KOTA SURABAYA;2
LTLASEMROWO-LTLMOJOSARI;KOTA SURABAYA;2
LTLASEMROWO-LTLMULYOREJO;KOTA SURABAYA;2
LTLASEMROWO-LTLNGAJUM;JAWA TIMUR;3
LTLASEMROWO-LTLNGANJUK;JAWA TIMUR;3
LTLASEMROWO-LTLNGORO;KOTA SURABAYA;2
LTLASEMROWO-LTLPABEAN CANTIAN;KOTA SURABAYA;2
LTLASEMROWO-LTLPAGAK;JAWA TIMUR;3
LTLASEMROWO-LTLPAGAK;JAWA TIMUR;3
LTLASEMROWO-LTLPAGAK;JAWA TIMUR;3
LTLASEMROWO-LTLPAGAK;JAWA TIMUR;3
LTLASEMROWO-LTLPAITON;JAWA TIMUR;3
LTLASEMROWO-LTLPAKAL;KOTA SURABAYA;2
LTLASEMROWO-LTLPAKIS;JAWA TIMUR;3
LTLASEMROWO-LTLPAKIS;JAWA TIMUR;3
LTLASEMROWO-LTLPAKISAJI;JAWA TIMUR;3
LTLASEMROWO-LTLPAKISAJI;JAWA TIMUR;3
LTLASEMROWO-LTLPANCENG;KOTA SURABAYA;2
LTLASEMROWO-LTLPANDAAN;JAWA TIMUR;3
LTLASEMROWO-LTLPANDAAN;JAWA TIMUR;3
LTLASEMROWO-LTLPANDAAN;JAWA TIMUR;3
LTLASEMROWO-LTLPANDAN LANDUNG;KOTA SURABAYA;2
LTLASEMROWO-LTLPANGGUNGREJO;JAWA TIMUR;3
LTLASEMROWO-LTLPANGGUNGREJO;JAWA TIMUR;3
LTLASEMROWO-LTLPANGGUNGREJO;JAWA TIMUR;3
LTLASEMROWO-LTLPANGGUNGREJO;JAWA TIMUR;3
LTLASEMROWO-LTLPANGGUNGREJO;JAWA TIMUR;3
LTLASEMROWO-LTLPANGGUNGREJO;JAWA TIMUR;3
LTLASEMROWO-LTLPLOSO;JAWA TIMUR;3
LTLASEMROWO-LTLPRAJURIT KULON;KOTA SURABAYA;2
LTLASEMROWO-LTLPUNGGING;KOTA SURABAYA;2
LTLASEMROWO-LTLPURI;JAWA TIMUR;3
LTLASEMROWO-LTLPURWOASRI;JAWA TIMUR;3
LTLASEMROWO-LTLPURWODADI;JAWA TIMUR;3
LTLASEMROWO-LTLPURWODADI;JAWA TIMUR;3
LTLASEMROWO-LTLPURWODADI;JAWA TIMUR;3
LTLASEMROWO-LTLPURWOSARI;JAWA TIMUR;3
LTLASEMROWO-LTLPURWOSARI;JAWA TIMUR;3
LTLASEMROWO-LTLPURWOSARI;JAWA TIMUR;3
LTLASEMROWO-LTLPURWOSARI;JAWA TIMUR;3
LTLASEMROWO-LTLPURWOSARI(INDOLAKTO);JAWA TENGAH;5
LTLASEMROWO-LTLREJOSO;JAWA TIMUR;3
LTLASEMROWO-LTLREMBANG;JAWA TIMUR;3
LTLASEMROWO-LTLREMBANG;JAWA TIMUR;3
LTLASEMROWO-LTLREMBANG;JAWA TIMUR;3
LTLASEMROWO-LTLRUNGKUT;KOTA SURABAYA;2
LTLASEMROWO-LTLRUNGKUT;KOTA SURABAYA;2
LTLASEMROWO-LTLRUNGKUT;KOTA SURABAYA;2
LTLASEMROWO-LTLSAMBIKEREP;KOTA SURABAYA;2
LTLASEMROWO-LTLSAWAHAN;KOTA SURABAYA;2
LTLASEMROWO-LTLSEDATI;KOTA SURABAYA;2
LTLASEMROWO-LTLSEDAYU;KOTA SURABAYA;2
LTLASEMROWO-LTLSEMAMPIR;KOTA SURABAYA;2
LTLASEMROWO-LTLSIDOARJO;KOTA SURABAYA;2
LTLASEMROWO-LTLSIDOARJO;KOTA SURABAYA;2
LTLASEMROWO-LTLSIMOKERTO;KOTA SURABAYA;2
LTLASEMROWO-LTLSINGOSARI;JAWA TIMUR;3
LTLASEMROWO-LTLSUKODONO;KOTA SURABAYA;2
LTLASEMROWO-LTLSUKOLILO;KOTA SURABAYA;2
LTLASEMROWO-LTLSUKOMANUNGGAL;KOTA SURABAYA;2
LTLASEMROWO-LTLSUKOREJO;KOTA SURABAYA;2
LTLASEMROWO-LTLSUKUN;JAWA TIMUR;3
LTLASEMROWO-LTLSUKUN;JAWA TIMUR;3
LTLASEMROWO-LTLTAMAN;KOTA SURABAYA;2
LTLASEMROWO-LTLTAMBAKSARI;KOTA SURABAYA;2
LTLASEMROWO-LTLTANDES;KOTA SURABAYA;2
LTLASEMROWO-LTLTANGGULANGIN;KOTA SURABAYA;2
LTLASEMROWO-LTLTEGALSARI;KOTA SURABAYA;2
LTLASEMROWO-LTLTENGGILIS MEJOYO;KOTA SURABAYA;2
LTLASEMROWO-LTLTENGGILIS MEJOYO;KOTA SURABAYA;2
LTLASEMROWO-LTLTONGAS;JAWA TIMUR;3
LTLASEMROWO-LTLTROWULAN;KOTA SURABAYA;2
LTLASEMROWO-LTLTUBAN;JAWA TIMUR;3
LTLASEMROWO-LTLTUBAN;JAWA TIMUR;3
LTLASEMROWO-LTLTULUNGAGUNG;JAWA TIMUR;3
LTLASEMROWO-LTLWAGIR;JAWA TIMUR;3
LTLASEMROWO-LTLWAGIR;JAWA TIMUR;3
LTLASEMROWO-LTLWAGIR;JAWA TIMUR;3
LTLASEMROWO-LTLWAGIR;JAWA TIMUR;3
LTLASEMROWO-LTLWARU;KOTA SURABAYA;2
LTLASEMROWO-LTLWATES;KOTA SURABAYA;2
LTLASEMROWO-LTLWIYUNG;KOTA SURABAYA;2
LTLASEMROWO-LTLWONOAYU;KOTA SURABAYA;2
LTLASEMROWO-LTLWONOAYU;KOTA SURABAYA;2
LTLASEMROWO-LTLWONOCOLO;KOTA SURABAYA;2
LTLASEMROWO-LTLWONOKROMO;KOTA SURABAYA;2
LTLASEMROWO-LTLWRINGINANOM;KOTA SURABAYA;2
LTLASEMROWO-LTLWRINGINANOM;KOTA SURABAYA;2
LTLBALONGBENDO-LTLASEMROWO(BL);KOTA SURABAYA;2
LTLBALONGBENDO-LTLKEBOMAS(BL);KOTA SURABAYA;2
LTLBANGIL-LTLASEMROWO(BL);KOTA SURABAYA;2
LTLBANGIL-LTLKEBOMAS(BL);KOTA SURABAYA;2
LTLBATU-LTLASEMROWO(BL);KOTA SURABAYA;2
LTLBATU-LTLKEBOMAS(BL);KOTA SURABAYA;2
LTLBEJI-LTLASEMROWO(BL);KOTA SURABAYA;2
LTLBEJI-LTLKEBOMAS(BL);KOTA SURABAYA;2
LTLBENOWO-LTLASEMROWO;JAWA TIMUR;3
LTLBENOWO-LTLASEMROWO;JAWA TIMUR;3
LTLBENOWO-LTLASEMROWO(BL);KOTA SURABAYA;2
LTLBENOWO-LTLKEBOMAS(BL);KOTA SURABAYA;2
LTLBOJONEGORO-LTLASEMROWO(BL);KOTA SURABAYA;2
LTLBOJONEGORO-LTLKEBOMAS(BL);KOTA SURABAYA;2
LTLBUBUTAN-LTLASEMROWO(BL);KOTA SURABAYA;2
LTLBUBUTAN-LTLKEBOMAS(BL);KOTA SURABAYA;2
LTLBUDURAN-LTLASEMROWO(BL);KOTA SURABAYA;2
LTLBUDURAN-LTLKEBOMAS(BL);KOTA SURABAYA;2
LTLBULAK-LTLASEMROWO(BL);KOTA SURABAYA;2
LTLBULAK-LTLKEBOMAS(BL);KOTA SURABAYA;2
LTLBUNGAH-LTLASEMROWO(BL);KOTA SURABAYA;2
LTLBUNGAH-LTLKEBOMAS(BL);KOTA SURABAYA;2
LTLCANDI-LTLASEMROWO(BL);KOTA SURABAYA;2
LTLCANDI-LTLKEBOMAS(BL);KOTA SURABAYA;2
LTLDRIYOREJO-LTLASEMROWO(BL);KOTA SURABAYA;2
LTLDRIYOREJO-LTLGEMPOL(OW);KOTA SURABAYA;2
LTLDRIYOREJO-LTLKEBOMAS(BL);KOTA SURABAYA;2
LTLDRIYOREJO-LTLMAYANGAN;JAWA TENGAH;5
LTLDUKUH PAKIS-LTLASEMROWO(BL);KOTA SURABAYA;2
LTLDUKUH PAKIS-LTLKEBOMAS(BL);KOTA SURABAYA;2
LTLGAYUNGAN-LTLASEMROWO(BL);KOTA SURABAYA;2
LTLGAYUNGAN-LTLKEBOMAS(BL);KOTA SURABAYA;2
LTLGEDANGAN-LTLASEMROWO(BL);KOTA SURABAYA;2
LTLGEDANGAN-LTLKEBOMAS(BL);KOTA SURABAYA;2
LTLGEMPOL-LTLASEMROWO(BL);KOTA SURABAYA;2
LTLGEMPOL-LTLKEBOMAS(BL);KOTA SURABAYA;2
LTLGENTENG-LTLASEMROWO(BL);KOTA SURABAYA;2
LTLGENTENG-LTLKEBOMAS(BL);KOTA SURABAYA;2
LTLGRESIK-LTLASEMROWO(BL);KOTA SURABAYA;2
LTLGRESIK-LTLBENOWO;KOTA SURABAYA;2
LTLGRESIK-LTLGENDING;JAWA TIMUR;3
LTLGRESIK-LTLJETIS;KOTA SURABAYA;2
LTLGRESIK-LTLJETIS;KOTA SURABAYA;2
LTLGRESIK-LTLKEBOMAS(BL);KOTA SURABAYA;2
LTLGUBENG-LTLASEMROWO(BL);KOTA SURABAYA;2
LTLGUBENG-LTLKEBOMAS(BL);KOTA SURABAYA;2
LTLGUNUNG ANYAR-LTLASEMROWO(BL);KOTA SURABAYA;2
LTLGUNUNG ANYAR-LTLKEBOMAS(BL);KOTA SURABAYA;2
LTLJAMBANGAN-LTLASEMROWO(BL);KOTA SURABAYA;2
LTLJAMBANGAN-LTLKEBOMAS(BL);KOTA SURABAYA;2
LTLJETIS-LTLASEMROWO(BL);KOTA SURABAYA;2
LTLJETIS-LTLKEBOMAS(BL);KOTA SURABAYA;2
LTLJOMBANG-LTLASEMROWO(BL);KOTA SURABAYA;2
LTLJOMBANG-LTLKEBOMAS(BL);KOTA SURABAYA;2
LTLKANIGARAN-LTLASEMROWO(BL);KOTA SURABAYA;2
LTLKANIGARAN-LTLKEBOMAS(BL);KOTA SURABAYA;2
LTLKARANG PILANG-LTLASEMROWO(BL);KOTA SURABAYA;2
LTLKARANG PILANG-LTLKEBOMAS(BL);KOTA SURABAYA;2
LTLKEBOMAS(1P)-LTLKALIWUNGU;JAWA TIMUR;3
LTLKEBOMAS(OW)-LTLMANYAR;KOTA SURABAYA;2
LTLKEBOMAS(OW)-LTLMOJOAGUNG;JAWA TIMUR;3
LTLKEBOMAS-LTLASEMROWO;KOTA SURABAYA;2
LTLKEBOMAS-LTLASEMROWO(BL);KOTA SURABAYA;2
LTLKEBOMAS-LTLBALONGBENDO;KOTA SURABAYA;2
LTLKEBOMAS-LTLBALONGBENDO(TJIWI);KOTA SURABAYA;2
LTLKEBOMAS-LTLBANGIL;JAWA TIMUR;3
LTLKEBOMAS-LTLBANGIL;JAWA TIMUR;3
LTLKEBOMAS-LTLBATU;JAWA TIMUR;3
LTLKEBOMAS-LTLBEJI;JAWA TIMUR;3
LTLKEBOMAS-LTLBEJI;JAWA TIMUR;3
LTLKEBOMAS-LTLBENOWO;KOTA SURABAYA;2
LTLKEBOMAS-LTLBOJONEGORO;JAWA TIMUR;3
LTLKEBOMAS-LTLBUBUTAN;KOTA SURABAYA;2
LTLKEBOMAS-LTLBUDURAN;KOTA SURABAYA;2
LTLKEBOMAS-LTLBULAK;KOTA SURABAYA;2
LTLKEBOMAS-LTLBUNGAH;KOTA SURABAYA;2
LTLKEBOMAS-LTLCANDI;KOTA SURABAYA;2
LTLKEBOMAS-LTLDRIYOREJO;KOTA SURABAYA;2
LTLKEBOMAS-LTLDUKUH PAKIS;KOTA SURABAYA;2
LTLKEBOMAS-LTLGAYUNGAN;KOTA SURABAYA;2
LTLKEBOMAS-LTLGEDANGAN;KOTA SURABAYA;2
LTLKEBOMAS-LTLGEMPOL;JAWA TIMUR;3
LTLKEBOMAS-LTLGEMPOL;JAWA TIMUR;3
LTLKEBOMAS-LTLGENTENG;KOTA SURABAYA;2
LTLKEBOMAS-LTLGRESIK;KOTA SURABAYA;2
LTLKEBOMAS-LTLGUBENG;KOTA SURABAYA;2
LTLKEBOMAS-LTLGUDO;JAWA TIMUR;3
LTLKEBOMAS-LTLGUDO;JAWA TIMUR;3
LTLKEBOMAS-LTLGUNUNG ANYAR;KOTA SURABAYA;2
LTLKEBOMAS-LTLJAMBANGAN;KOTA SURABAYA;2
LTLKEBOMAS-LTLJETIS;KOTA SURABAYA;2
LTLKEBOMAS-LTLJOMBANG;JAWA TIMUR;3
LTLKEBOMAS-LTLJOMBANG;JAWA TIMUR;3
LTLKEBOMAS-LTLKALIWUNGU;JAWA TIMUR;3
LTLKEBOMAS-LTLKANIGARAN;JAWA TIMUR;3
LTLKEBOMAS-LTLKARANG PILANG;KOTA SURABAYA;2
LTLKEBOMAS-LTLKEBOMAS;KOTA SURABAYA;2
LTLKEBOMAS-LTLKEBOMAS(BL);KOTA SURABAYA;2
LTLKEBOMAS-LTLKEDUNGKANDANG;JAWA TIMUR;3
LTLKEBOMAS-LTLKEDUNGKANDANG;JAWA TIMUR;3
LTLKEBOMAS-LTLKEMLAGI;KOTA SURABAYA;2
LTLKEBOMAS-LTLKENJERAN;KOTA SURABAYA;2
LTLKEBOMAS-LTLKOTA KEDIRI;JAWA TIMUR;3
LTLKEBOMAS-LTLKREMBANGAN;KOTA SURABAYA;2
LTLKEBOMAS-LTLKREMBANGAN;KOTA SURABAYA;2
LTLKEBOMAS-LTLKRIAN;KOTA SURABAYA;2
LTLKEBOMAS-LTLLAKARSANTRI;KOTA SURABAYA;2
LTLKEBOMAS-LTLLAMONGAN;JAWA TIMUR;3
LTLKEBOMAS-LTLLAWANG;JAWA TIMUR;3
LTLKEBOMAS-LTLLAWANG;JAWA TIMUR;3
LTLKEBOMAS-LTLLECES;JAWA TIMUR;3
LTLKEBOMAS-LTLLUMAJANG;JAWA TIMUR;3
LTLKEBOMAS-LTLMAGERSARI;KOTA SURABAYA;2
LTLKEBOMAS-LTLMAGERSARI;KOTA SURABAYA;2
LTLKEBOMAS-LTLMANYAR;KOTA SURABAYA;2
LTLKEBOMAS-LTLMANYAR;KOTA SURABAYA;2
LTLKEBOMAS-LTLMANYAR(DKJ);KOTA SURABAYA;2
LTLKEBOMAS-LTLMOJOSARI;KOTA SURABAYA;2
LTLKEBOMAS-LTLMULYOREJO;KOTA SURABAYA;2
LTLKEBOMAS-LTLNGANJUK;JAWA TIMUR;3
LTLKEBOMAS-LTLNGORO;KOTA SURABAYA;2
LTLKEBOMAS-LTLPABEAN CANTIAN;KOTA SURABAYA;2
LTLKEBOMAS-LTLPAGAK;JAWA TIMUR;3
LTLKEBOMAS-LTLPAKAL;KOTA SURABAYA;2
LTLKEBOMAS-LTLPAKIS;JAWA TIMUR;3
LTLKEBOMAS-LTLPAKISAJI;JAWA TIMUR;3
LTLKEBOMAS-LTLPANCENG;KOTA SURABAYA;2
LTLKEBOMAS-LTLPANDAAN;JAWA TIMUR;3
LTLKEBOMAS-LTLPANDAAN;JAWA TIMUR;3
LTLKEBOMAS-LTLPANGGUNGREJO;JAWA TIMUR;3
LTLKEBOMAS-LTLPANGGUNGREJO;JAWA TIMUR;3
LTLKEBOMAS-LTLPANGGUNGREJO;JAWA TIMUR;3
LTLKEBOMAS-LTLPUNGGING;JAWA TIMUR;3
LTLKEBOMAS-LTLPURWODADI;JAWA TIMUR;3
LTLKEBOMAS-LTLPURWODADI;JAWA TIMUR;3
LTLKEBOMAS-LTLPURWOSARI;JAWA TIMUR;3
LTLKEBOMAS-LTLPURWOSARI;JAWA TIMUR;3
LTLKEBOMAS-LTLREMBANG;JAWA TIMUR;3
LTLKEBOMAS-LTLREMBANG;JAWA TIMUR;3
LTLKEBOMAS-LTLRUNGKUT;KOTA SURABAYA;2
LTLKEBOMAS-LTLSAMBIKEREP;KOTA SURABAYA;2
LTLKEBOMAS-LTLSAWAHAN;KOTA SURABAYA;2
LTLKEBOMAS-LTLSEDATI;KOTA SURABAYA;2
LTLKEBOMAS-LTLSEDAYU;KOTA SURABAYA;2
LTLKEBOMAS-LTLSEMAMPIR;KOTA SURABAYA;2
LTLKEBOMAS-LTLSIDOARJO;KOTA SURABAYA;2
LTLKEBOMAS-LTLSIMOKERTO;KOTA SURABAYA;2
LTLKEBOMAS-LTLSUKODONO;KOTA SURABAYA;2
LTLKEBOMAS-LTLSUKOHARJO;JAWA TIMUR;3
LTLKEBOMAS-LTLSUKOLILO;KOTA SURABAYA;2
LTLKEBOMAS-LTLSUKOMANUNGGAL;KOTA SURABAYA;2
LTLKEBOMAS-LTLTAMAN;KOTA SURABAYA;2
LTLKEBOMAS-LTLTAMBAKSARI;KOTA SURABAYA;2
LTLKEBOMAS-LTLTANDES;KOTA SURABAYA;2
LTLKEBOMAS-LTLTANGGULANGIN;KOTA SURABAYA;2
LTLKEBOMAS-LTLTEGALSARI;KOTA SURABAYA;2
LTLKEBOMAS-LTLTENGGILIS MEJOYO;KOTA SURABAYA;2
LTLKEBOMAS-LTLTONGAS;JAWA TIMUR;3
LTLKEBOMAS-LTLTROWULAN;JAWA TIMUR;3
LTLKEBOMAS-LTLTUBAN;JAWA TIMUR;3
LTLKEBOMAS-LTLTULUNGAGUNG;JAWA TIMUR;3
LTLKEBOMAS-LTLWAGIR;JAWA TIMUR;3
LTLKEBOMAS-LTLWARU;KOTA SURABAYA;2
LTLKEBOMAS-LTLWIYUNG;KOTA SURABAYA;2
LTLKEBOMAS-LTLWONOAYU;KOTA SURABAYA;2
LTLKEBOMAS-LTLWONOCOLO;KOTA SURABAYA;2
LTLKEBOMAS-LTLWONOKROMO;KOTA SURABAYA;2
LTLKEBOMAS-LTLWRINGINANOM;KOTA SURABAYA;2
LTLKEDUNGKANDANG-LTLASEMROWO(BL);KOTA SURABAYA;2
LTLKEDUNGKANDANG-LTLKEBOMAS(BL);KOTA SURABAYA;2
LTLKEMLAGI-LTLASEMROWO(BL);KOTA SURABAYA;2
LTLKEMLAGI-LTLKEBOMAS(BL);KOTA SURABAYA;2
LTLKENJERAN-LTLASEMROWO(BL);KOTA SURABAYA;2
LTLKENJERAN-LTLKEBOMAS(BL);KOTA SURABAYA;2
LTLKOTA KEDIRI-LTLASEMROWO(BL);KOTA SURABAYA;2
LTLKOTA KEDIRI-LTLKEBOMAS(BL);KOTA SURABAYA;2
LTLKREMBANGAN-LTLASEMROWO(BL);KOTA SURABAYA;2
LTLKREMBANGAN-LTLJETIS;KOTA SURABAYA;2
LTLKREMBANGAN-LTLKEBOMAS(BL);KOTA SURABAYA;2
LTLKRIAN-LTLASEMROWO(BL);KOTA SURABAYA;2
LTLKRIAN-LTLKEBOMAS(BL);KOTA SURABAYA;2
LTLKUTOREJO-LTLASEMROWO(BL);KOTA SURABAYA;2
LTLLAKARSANTRI-LTLASEMROWO(BL);KOTA SURABAYA;2
LTLLAKARSANTRI-LTLKEBOMAS(BL);KOTA SURABAYA;2
LTLLAMONGAN-LTLASEMROWO(BL);KOTA SURABAYA;2
LTLLAMONGAN-LTLKEBOMAS(BL);KOTA SURABAYA;2
LTLLAWANG-LTLASEMROWO(BL);KOTA SURABAYA;2
LTLLAWANG-LTLKEBOMAS(BL);KOTA SURABAYA;2
LTLLECES-LTLASEMROWO(BL);KOTA SURABAYA;2
LTLLECES-LTLKEBOMAS(BL);KOTA SURABAYA;2
LTLLUMAJANG-LTLASEMROWO(BL);KOTA SURABAYA;2
LTLLUMAJANG-LTLKEBOMAS(BL);KOTA SURABAYA;2
LTLMAGERSARI-LTLASEMROWO(BL);KOTA SURABAYA;2
LTLMAGERSARI-LTLKEBOMAS(BL);KOTA SURABAYA;2
LTLMANYAR(DKJ)-LTLKEBOMAS(BL);KOTA SURABAYA;2
LTLMANYAR-LTLASEMROWO(BL);KOTA SURABAYA;2
LTLMANYAR-LTLKEBOMAS(BL);KOTA SURABAYA;2
LTLMOJOSARI-LTLASEMROWO(BL);KOTA SURABAYA;2
LTLMOJOSARI-LTLKEBOMAS(BL);KOTA SURABAYA;2
LTLMULYOREJO-LTLASEMROWO(BL);KOTA SURABAYA;2
LTLMULYOREJO-LTLKEBOMAS(BL);KOTA SURABAYA;2
LTLNGALIYAN-LTLNGAJUM;JAWA TENGAH;5
LTLNGANJUK-LTLASEMROWO(BL);KOTA SURABAYA;2
LTLNGANJUK-LTLKEBOMAS(BL);KOTA SURABAYA;2
LTLNGORO-LTLASEMROWO(BL);KOTA SURABAYA;2
LTLNGORO-LTLKEBOMAS(BL);KOTA SURABAYA;2
LTLPABEAN CANTIAN-LTLASEMROWO;KOTA SURABAYA;2
LTLPABEAN CANTIAN-LTLASEMROWO;KOTA SURABAYA;2
LTLPABEAN CANTIAN-LTLASEMROWO;JAWA TIMUR;3
LTLPABEAN CANTIAN-LTLASEMROWO;JAWA TIMUR;3
LTLPABEAN CANTIAN-LTLASEMROWO(BL);KOTA SURABAYA;2
LTLPABEAN CANTIAN-LTLDRIYOREJO;KOTA SURABAYA;2
LTLPABEAN CANTIAN-LTLDRIYOREJO;KOTA SURABAYA;2
LTLPABEAN CANTIAN-LTLJETIS;KOTA SURABAYA;2
LTLPABEAN CANTIAN-LTLJETIS;KOTA SURABAYA;2
LTLPABEAN CANTIAN-LTLJOMBANG;BANTEN;5
LTLPABEAN CANTIAN-LTLKEBOMAS(BL);KOTA SURABAYA;2
LTLPABEAN CANTIAN-LTLMANYAR;JAWA TIMUR;3
LTLPABEAN CANTIAN-LTLNGORO;JAWA TIMUR;3
LTLPABEAN CANTIAN-LTLSIDOARJO;KOTA SURABAYA;2
LTLPABEAN CANTIAN-LTLWRINGINANOM;KOTA SURABAYA;2
LTLPABEAN CANTIAN-LTLWRINGINANOM;KOTA SURABAYA;2
LTLPAGAK-LTLASEMROWO(BL);KOTA SURABAYA;2
LTLPAGAK-LTLKEBOMAS(BL);KOTA SURABAYA;2
LTLPAKAL-LTLASEMROWO(BL);KOTA SURABAYA;2
LTLPAKAL-LTLKEBOMAS(BL);KOTA SURABAYA;2
LTLPAKISAJI-LTLASEMROWO(BL);KOTA SURABAYA;2
LTLPAKISAJI-LTLKEBOMAS(BL);KOTA SURABAYA;2
LTLPAKIS-LTLASEMROWO(BL);KOTA SURABAYA;2
LTLPAKIS-LTLKEBOMAS(BL);KOTA SURABAYA;2
LTLPANCENG-LTLASEMROWO(BL);KOTA SURABAYA;2
LTLPANCENG-LTLKEBOMAS(BL);KOTA SURABAYA;2
LTLPANDAAN-LTLASEMROWO(BL);KOTA SURABAYA;2
LTLPANDAAN-LTLKEBOMAS(BL);KOTA SURABAYA;2
LTLPANGGUNGREJO-LTLASEMROWO(BL);KOTA SURABAYA;2
LTLPANGGUNGREJO-LTLKEBOMAS(BL);KOTA SURABAYA;2
LTLPLOSO-LTLASEMROWO(BL);KOTA SURABAYA;2
LTLPLOSO-LTLKUTOREJO;JAWA TENGAH;5
LTLPLUMPANG-LTLPABEAN CANTIAN;KOTA SURABAYA;2
LTLPUNGGING-LTLASEMROWO(BL);KOTA SURABAYA;2
LTLPUNGGING-LTLKEBOMAS(BL);KOTA SURABAYA;2
LTLPURI-LTLASEMROWO(BL);JAWA TIMUR;3
LTLPURWODADI-LTLASEMROWO(BL);KOTA SURABAYA;2
LTLPURWODADI-LTLKEBOMAS(BL);KOTA SURABAYA;2
LTLPURWOSARI-LTLASEMROWO(BL);KOTA SURABAYA;2
LTLPURWOSARI-LTLKEBOMAS(BL);KOTA SURABAYA;2
LTLREMBANG-LTLASEMROWO(BL);KOTA SURABAYA;2
LTLREMBANG-LTLKEBOMAS(BL);KOTA SURABAYA;2
LTLRUNGKUT-LTLASEMROWO(BL);KOTA SURABAYA;2
LTLRUNGKUT-LTLKEBOMAS(BL);KOTA SURABAYA;2
LTLSAMBIKEREP-LTLASEMROWO(BL);KOTA SURABAYA;2
LTLSAMBIKEREP-LTLKEBOMAS(BL);KOTA SURABAYA;2
LTLSAWAHAN-LTLASEMROWO(BL);KOTA SURABAYA;2
LTLSAWAHAN-LTLKEBOMAS(BL);KOTA SURABAYA;2
LTLSEDATI-LTLASEMROWO(BL);KOTA SURABAYA;2
LTLSEDATI-LTLKEBOMAS(BL);KOTA SURABAYA;2
LTLSEDAYU-LTLASEMROWO(BL);KOTA SURABAYA;2
LTLSEDAYU-LTLKEBOMAS(BL);KOTA SURABAYA;2
LTLSEMAMPIR-LTLASEMROWO(BL);KOTA SURABAYA;2
LTLSEMAMPIR-LTLKEBOMAS(BL);KOTA SURABAYA;2
LTLSIDOARJO-LTLASEMROWO(BL);KOTA SURABAYA;2
LTLSIDOARJO-LTLBEJI;JAWA TIMUR;3
LTLSIDOARJO-LTLDUDUK SAMPEYAN;KOTA SURABAYA;2
LTLSIDOARJO-LTLGEDANGAN;KOTA SURABAYA;2
LTLSIDOARJO-LTLKALIWATES;JAWA TIMUR;3
LTLSIDOARJO-LTLKEBOMAS(BL);KOTA SURABAYA;2
LTLSIDOARJO-LTLKEDUNGKANDANG;JAWA TIMUR;3
LTLSIDOARJO-LTLSIDOARJO;KOTA SURABAYA;2
LTLSIDOARJO-LTLSUKUN;JAWA TIMUR;3
LTLSIDOARJO-LTLSUMBER SARI;JAWA TIMUR;3
LTLSIDOARJO-LTLSUMOBITO;JAWA TIMUR;3
LTLSIDOARJO-LTLTENGGILIS MEJOYO;KOTA SURABAYA;2
LTLSIMOKERTO-LTLASEMROWO(BL);KOTA SURABAYA;2
LTLSIMOKERTO-LTLKEBOMAS(BL);KOTA SURABAYA;2
LTLSUKODONO-LTLASEMROWO(BL);KOTA SURABAYA;2
LTLSUKODONO-LTLKEBOMAS(BL);KOTA SURABAYA;2
LTLSUKOLILO-LTLASEMROWO(BL);KOTA SURABAYA;2
LTLSUKOLILO-LTLKEBOMAS(BL);KOTA SURABAYA;2
LTLSUKOMANUNGGAL-LTLASEMROWO(BL);KOTA SURABAYA;2
LTLSUKOMANUNGGAL-LTLKEBOMAS(BL);KOTA SURABAYA;2
LTLTAMAN-LTLASEMROWO(BL);KOTA SURABAYA;2
LTLTAMAN-LTLKEBOMAS(BL);KOTA SURABAYA;2
LTLTAMBAKSARI-LTLASEMROWO(BL);KOTA SURABAYA;2
LTLTAMBAKSARI-LTLKEBOMAS(BL);KOTA SURABAYA;2
LTLTANDES-LTLASEMROWO(BL);KOTA SURABAYA;2
LTLTANDES-LTLKEBOMAS(BL);KOTA SURABAYA;2
LTLTANGGULANGIN-LTLASEMROWO(BL);KOTA SURABAYA;2
LTLTANGGULANGIN-LTLKEBOMAS(BL);KOTA SURABAYA;2
LTLTEGALSARI-LTLASEMROWO(BL);KOTA SURABAYA;2
LTLTEGALSARI-LTLKEBOMAS(BL);KOTA SURABAYA;2
LTLTENGGILIS MEJOYO-LTLASEMROWO(BL);KOTA SURABAYA;2
LTLTENGGILIS MEJOYO-LTLKEBOMAS(BL);KOTA SURABAYA;2
LTLTROWULAN-LTLASEMROWO(BL);KOTA SURABAYA;2
LTLTUBAN-LTLASEMROWO(BL);KOTA SURABAYA;2
LTLTUBAN-LTLKEBOMAS(BL);KOTA SURABAYA;2
LTLTULUNGAGUNG-LTLASEMROWO(BL);KOTA SURABAYA;2
LTLTULUNGAGUNG-LTLKEBOMAS(BL);KOTA SURABAYA;2
LTLWAGIR-LTLASEMROWO(BL);KOTA SURABAYA;2
LTLWAGIR-LTLKEBOMAS(BL);KOTA SURABAYA;2
LTLWARU-LTLASEMROWO(BL);KOTA SURABAYA;2
LTLWARU-LTLKEBOMAS(BL);KOTA SURABAYA;2
LTLWIYUNG-LTLASEMROWO(BL);KOTA SURABAYA;2
LTLWIYUNG-LTLKEBOMAS(BL);KOTA SURABAYA;2
LTLWONOAYU-LTLASEMROWO(BL);KOTA SURABAYA;2
LTLWONOAYU-LTLKEBOMAS(BL);KOTA SURABAYA;2
LTLWONOCOLO-LTLASEMROWO(BL);KOTA SURABAYA;2
LTLWONOCOLO-LTLKEBOMAS(BL);KOTA SURABAYA;2
LTLWONOKROMO-LTLASEMROWO(BL);KOTA SURABAYA;2
LTLWONOKROMO-LTLKEBOMAS(BL);KOTA SURABAYA;2
LTLWRINGINANOM-LTLASEMROWO(BL);KOTA SURABAYA;2
LTLWRINGINANOM-LTLKEBOMAS(BL);KOTA SURABAYA;2
LTTKENJERAN-LTTKEBON JERUK;JABODETABEK;6
MALGAMPENGREJO-MALNGORO;JAWA TIMUR;3
MALNGORO(1P)-MALSEMARANG UTARA;JAWA TENGAH;5
MALNGORO(PP)-MALSEMARANG UTARA;JAWA TENGAH;5
MALNGORO-MALCENGKARENG;JABODETABEK;6
MALNGORO-MALCENGKARENG;JABODETABEK;6
MALNGORO-MALCIKUPA;JABODETABEK;6
MALNGORO-MALCITEUREUP;JABODETABEK;6
MALNGORO-MALCITEUREUP;JABODETABEK;6
MALNGORO-MALDAYEUHKOLOT;JAWA BARAT;6
MALNGORO-MALGAMPENGREJO;JAWA TIMUR;3
MALNGORO-MALGUNUNG PUTRI;;6
MALNGORO-MALKOSAMBI;JAWA BARAT;6
MALNGORO-MALKOSAMBI;JAWA BARAT;6
MALNGORO-MALPADEMANGAN;JABODETABEK;6
MALNGORO-MALPENJARINGAN;JABODETABEK;6
MALNGORO-MALPENJARINGAN;JABODETABEK;6
MALNGORO-MALPENJARINGAN;JABODETABEK;6
MALNGORO-MALPENJARINGAN;JABODETABEK;6
MALNGORO-MALSAWAH BESAR;JABODETABEK;6
MALNGORO-MALSEMARANG UTARA;JAWA TENGAH;5
MALNGORO-MALSEMARANG UTARA;JAWA TENGAH;5
MAPASEMROWO-MAPWONOAYU;KOTA SURABAYA;2
MBIKRATON PASURUAN-MBITULANGAN(1P);JAWA TIMUR;3
MBITULANGAN-MBIBANTAR GEBANG;JABODETABEK;6
MBITULANGAN-MBICAKUNG;JABODETABEK;6
MBITULANGAN-MBICAKUNG;JABODETABEK;6
MBITULANGAN-MBICAKUNG;JABODETABEK;6
MBITULANGAN-MBICIKANDE;BANTEN;5
MBITULANGAN-MBICIKANDE;BANTEN;5
MBITULANGAN-MBIGRINGSING;JAWA TENGAH;5
MBITULANGAN-MBIKRATON PASURUAN(1P);KOTA SURABAYA;2
MBITULANGAN-MBIMEDAN SATRIA;JABODETABEK;6
MBITULANGAN-MBIMOJOAGUNG;JAWA TIMUR;3
MBITULANGAN-MBIMOJOAGUNG;JAWA TIMUR;3
MBITULANGAN-MBITANJUNG BINTANG;LAMPUNG;5
MMKKEBOMAS-MMKASEMROWO;KOTA SURABAYA;2
MTARUNGKUT-MTABUAH BATU;JAWA BARAT;6
MTATENGGILIS MEJOYO-MTABUAH BATU;JABODETABEK;6
MTATENGGILIS MEJOYO-MTAJATIUWUNG;JABODETABEK;6
MTATENGGILIS MEJOYO-MTAKESAMBI;JABODETABEK;6
MTAWARU-MTAJATIUWUNG;JABODETABEK;6
MUTASEMROWO-MUTCANDI;JAWA TIMUR;3
NLISIDOARJO-NLITANJUNG PRIOK;JABODETABEK;6
NLSBUDURAN-NLSASEMROWO;KOTA SURABAYA;2
NLSBUDURAN-NLSASEMROWO;KOTA SURABAYA;2
NLSBUDURAN-NLSASEMROWO(TANJUNG PERAK);JAWA TIMUR;3
NLSBUDURAN-NLSBEJI;JAWA TIMUR;3
NLSBUDURAN-NLSBEJI;JAWA TIMUR;3
NLSBUDURAN-NLSBEJI(MUI_PASURUAN);JAWA TIMUR;3
NLSBUDURAN-NLSDENPASAR UTARA;BALI;5
NLSBUDURAN-NLSDUDUK SAMPEYAN;KOTA SURABAYA;2
NLSBUDURAN-NLSDUDUK SAMPEYAN;KOTA SURABAYA;2
NLSBUDURAN-NLSDUDUK SAMPEYAN;KOTA SURABAYA;2
NLSBUDURAN-NLSDUDUK SAMPEYAN;KOTA SURABAYA;2
NLSBUDURAN-NLSDUDUK SAMPEYAN(IDM_GRESIK);KOTA SURABAYA;2
NLSBUDURAN-NLSDUDUK SAMPEYAN(IDM_GRESIK);KOTA SURABAYA;2
NLSBUDURAN-NLSDUDUK SAMPEYAN(IDM_GRESIK);KOTA SURABAYA;2
NLSBUDURAN-NLSDUDUK SAMPEYAN(IDM_GRESIK);KOTA SURABAYA;2
NLSBUDURAN-NLSGEDANGAN;KOTA SURABAYA;2
NLSBUDURAN-NLSGEDANGAN;KOTA SURABAYA;2
NLSBUDURAN-NLSGEDANGAN;KOTA SURABAYA;2
NLSBUDURAN-NLSGEDANGAN;KOTA SURABAYA;2
NLSBUDURAN-NLSGEDANGAN (SAT_SIDOARJO OPT);KOTA SURABAYA;2
NLSBUDURAN-NLSGEDANGAN (SAT_SIDOARJO OPT);KOTA SURABAYA;2
NLSBUDURAN-NLSGEDANGAN(ALFARIA);KOTA SURABAYA;2
NLSBUDURAN-NLSGEDANGAN(IDM_SIDOARJO);KOTA SURABAYA;2
NLSBUDURAN-NLSGEDANGAN(IDM_SURABAYA);KOTA SURABAYA;2
NLSBUDURAN-NLSGEDANGAN(IDM_SURABAYA);KOTA SURABAYA;2
NLSBUDURAN-NLSGEDANGAN(IDM_SURABAYA);KOTA SURABAYA;2
NLSBUDURAN-NLSGEDANGAN(IDM_SURABAYA);KOTA SURABAYA;2
NLSBUDURAN-NLSGEDANGAN(INDOMARCO);KOTA SURABAYA;2
NLSBUDURAN-NLSGEDANGAN(SAT_SIDOARJO);KOTA SURABAYA;2
NLSBUDURAN-NLSGEDANGAN(SAT_SIDOARJO);KOTA SURABAYA;2
NLSBUDURAN-NLSGEDANGAN(SAT_SIDOARJO);KOTA SURABAYA;2
NLSBUDURAN-NLSGEDANGAN(SAT_SIDOARJO);KOTA SURABAYA;2
NLSBUDURAN-NLSGEDANGAN(SAT_SIDOARJO);KOTA SURABAYA;2
NLSBUDURAN-NLSGEDANGAN(SAT_SURABAYA);KOTA SURABAYA;2
NLSBUDURAN-NLSGUNUNG ANYAR;KOTA SURABAYA;2
NLSBUDURAN-NLSKALIWATES;JAWA TIMUR;3
NLSBUDURAN-NLSKALIWATES;JAWA TIMUR;3
NLSBUDURAN-NLSKALIWATES(IDM_JEMBER);KOTA SURABAYA;2
NLSBUDURAN-NLSKALIWATES(SAT_JEMBER);KOTA SURABAYA;2
NLSBUDURAN-NLSKEDUNGKANDANG;JAWA TIMUR;3
NLSBUDURAN-NLSKEDUNGKANDANG;JAWA TIMUR;3
NLSBUDURAN-NLSKEDUNGKANDANG(IDM_MALANG);KOTA SURABAYA;2
NLSBUDURAN-NLSKEDUNGKANDANG(IDM_MALANG);KOTA SURABAYA;2
NLSBUDURAN-NLSKOTA KEDIRI;JAWA TIMUR;3
NLSBUDURAN-NLSMADIUN;JAWA TIMUR;3
NLSBUDURAN-NLSNGALIYAN(SEMARANG);JAWA TENGAH;5
NLSBUDURAN-NLSPABEAN CANTIAN (TANJUNG PERAK);KOTA SURABAYA;2
NLSBUDURAN-NLSPABEAN CANTIAN (TANJUNG PERAK);KOTA SURABAYA;2
NLSBUDURAN-NLSPABEAN CANTIAN (TANJUNG PERAK);KOTA SURABAYA;2
NLSBUDURAN-NLSPABEAN CANTIAN (TANJUNG PERAK);KOTA SURABAYA;2
NLSBUDURAN-NLSPABEAN CANTIAN (TANJUNG PERAK);KOTA SURABAYA;2
NLSBUDURAN-NLSPABEAN CANTIAN (TANJUNG PERAK);KOTA SURABAYA;2
NLSBUDURAN-NLSPABEAN CANTIAN (TANJUNG PERAK);KOTA SURABAYA;2
NLSBUDURAN-NLSPABEAN CANTIAN (TANJUNG PERAK);KOTA SURABAYA;2
NLSBUDURAN-NLSRAWALUMBU;JABODETABEK;6
NLSBUDURAN-NLSRAWALUMBU;JABODETABEK;6
NLSBUDURAN-NLSRAWALUMBU;JABODETABEK;6
NLSBUDURAN-NLSRAWALUMBU;JABODETABEK;6
NLSBUDURAN-NLSRAWALUMBU;JABODETABEK;6
NLSBUDURAN-NLSSUKODONO;KOTA SURABAYA;2
NLSBUDURAN-NLSSUKODONO(IDM_SURABAYA);KOTA SURABAYA;2
NLSBUDURAN-NLSSUKODONO(SAT_SIDOARJO);KOTA SURABAYA;2
NLSBUDURAN-NLSSUKODONO(SAT_SURABAYA);KOTA SURABAYA;2
NLSBUDURAN-NLSSUKUN;JAWA TIMUR;3
NLSBUDURAN-NLSSUKUN;JAWA TIMUR;3
NLSBUDURAN-NLSSUKUN(ALFARIA);JAWA TIMUR;3
NLSBUDURAN-NLSSUKUN(IDG_MALANG);JAWA TIMUR;3
NLSBUDURAN-NLSSUKUN(IDG_MALANG);JAWA TIMUR;3
NLSBUDURAN-NLSSUKUN(INDOGROSIR);JAWA TIMUR;3
NLSBUDURAN-NLSSUKUN(SAT_MALANG);JAWA TIMUR;3
NLSBUDURAN-NLSSUKUN(SAT_MALANG);JAWA TIMUR;3
NLSBUDURAN-NLSSUMBER SARI;JAWA TIMUR;3
NLSBUDURAN-NLSSUMBER SARI;JAWA TIMUR;3
NLSBUDURAN-NLSSUMBER SARI(IDM_JEMBER);JAWA TIMUR;3
NLSBUDURAN-NLSSUMBER SARI(IDM_JEMBER);JAWA TIMUR;3
NLSBUDURAN-NLSSUMBER SARI(SAT_JEMBER);JAWA TIMUR;3
NLSBUDURAN-NLSSUMOBITO;JAWA TIMUR;3
NLSBUDURAN-NLSSUMOBITO;JAWA TIMUR;3
NLSBUDURAN-NLSSUMOBITO;JAWA TIMUR;3
NLSBUDURAN-NLSSUMOBITO(IDM_JOMBANG);JAWA TIMUR;3
NLSBUDURAN-NLSSUMOBITO(IDM_JOMBANG);JAWA TIMUR;3
NLSBUDURAN-NLSSUMOBITO(IDM_JOMBANG);JAWA TIMUR;3
NLSBUDURAN-NLSSUMOBITO(IDM_JOMBANG);JAWA TIMUR;3
NLSBUDURAN-NLSTAMAN;KOTA SURABAYA;2
NLSBUDURAN-NLSTAMAN (SEPANJANG);KOTA SURABAYA;2
NLSBUDURAN-NLSTANDES;KOTA SURABAYA;2
NLSBUDURAN-NLSTENGGILIS MEJOYO;KOTA SURABAYA;2
NLSBUDURAN-NLSTENGGILIS MEJOYO;KOTA SURABAYA;2
NLSBUDURAN-NLSTENGGILIS MEJOYO(IDG_SURABAYA);KOTA SURABAYA;2
NLSBUDURAN-NLSWARU;KOTA SURABAYA;2
NLSBUDURAN-NLSWARU(CIRCLEK);KOTA SURABAYA;2
NLSBUDURAN-NLSWARU(SAT_BERBEK);KOTA SURABAYA;2
OKAASEMROWO-OKANGAJUNG (NGAJUM);JAWA TIMUR;3
OMIPACIRAN-OMIASEMROWO;JAWA TIMUR;3
OMIPACIRAN-OMIBEJI;JABODETABEK;6
OMIPACIRAN-OMIDRIYOREJO;KOTA SURABAYA;2
OMIPACIRAN-OMIDRIYOREJO (ROYAL ORIENTAL);JAWA TIMUR;3
OMIPACIRAN-OMIGEDANGAN;JAWA TIMUR;3
OMIPACIRAN-OMIGEMPOL;JAWA TIMUR;3
OMIPACIRAN-OMIGEMPOL (MATAHARI PUTRA MAKMUR);JAWA TIMUR;3
OMIPACIRAN-OMIGEMPOL (MITRA MURNI MAPAN);JAWA TIMUR;3
OMIPACIRAN-OMIGRESIK;KOTA SURABAYA;2
OMIPACIRAN-OMIJAMBANGAN;KOTA SURABAYA;2
OMIPACIRAN-OMIJETIS;KOTA SURABAYA;2
OMIPACIRAN-OMIJETIS (KASMAJI);KOTA SURABAYA;2
OMIPACIRAN-OMIKEBOMAS;KOTA SURABAYA;2
OMIPACIRAN-OMIKEDIRI;BALI;5
OMIPACIRAN-OMIKUTOREJO;JAWA TIMUR;3
OMIPACIRAN-OMILAMONGAN;JAWA TIMUR;3
OMIPACIRAN-OMIMANYAR;KOTA SURABAYA;2
OMIPACIRAN-OMIMANYAR(PACINESIA);KOTA SURABAYA;2
OMIPACIRAN-OMIMENGANTI;JAWA TIMUR;3
OMIPACIRAN-OMINGORO;KOTA SURABAYA;2
OMIPACIRAN-OMINGORO (MULTI ANUGERAH TEXINDO);JAWA TIMUR;3
OMIPACIRAN-OMIPANCENG;KOTA SURABAYA;2
OMIPACIRAN-OMIPURI;JAWA TIMUR;3
OMIPACIRAN-OMIPURWOSARI;JAWA TIMUR;3
OMIPACIRAN-OMIPURWOSARI (MUNI MAPAN MAKMUR);JAWA TIMUR;3
OMIPACIRAN-OMIRANGKAH KIDUL;KOTA SURABAYA;2
OMIPACIRAN-OMISEDATI;JAWA TIMUR;3
OMIPACIRAN-OMISIDOARJO;KOTA SURABAYA;2
OMIPACIRAN-OMISIDOARJO (SUMBER INTI);JAWA TIMUR;3
OMIPACIRAN-OMISUKODONO;JAWA TENGAH;5
OMIPACIRAN-OMITAMAN;JAWA TENGAH;5
OMIPACIRAN-OMITANDES;JAWA TIMUR;3
OMIPACIRAN-OMITENGGILIS MEJOYO;JAWA TIMUR;3
OMIPACIRAN-OMITUBAN;JAWA TIMUR;3
OMIPACIRAN-OMIWAGIR;JAWA TIMUR;3
OMIPACIRAN-OMIWAGIR (PT PUTRA PRIMA SENTOSA);KOTA SURABAYA;2
OMIPACIRAN-OMIWARU (LESTARI PUTRA SENTOSA);JAWA TIMUR;3
OMIPACIRAN-OMIWRINGIN ANOM;KOTA SURABAYA;2
OMIPACIRAN-OMIWRINGINANOM;KOTA SURABAYA;2
PBIMUNCAR-PBIBUAH BATU;JAWA BARAT;6
PBIMUNCAR-PBICIKARANG BARAT;JABODETABEK;6
PDSPOLANHARJO(1P)-PDSDENPASAR UTARA;BALI;6
PKGGRESIK-PKGSOCAH;JAWA TIMUR;3
PKGGRESIK-PKGSOCAH;JAWA TIMUR;3
PKGGRESIK-PKGSOCAH;JAWA TIMUR;3
PKGGRESIK-PKGSOCAH;JAWA TIMUR;3
PKGGRESIK-PKGSOCAH;JAWA TIMUR;3
PKGGRESIK-PKGSOCAH;JAWA TIMUR;3
PKGGRESIK-PKGSOCAH(OW);JAWA TIMUR;3
PKGGRESIK-PKGSOCAH(OW);JAWA TIMUR;3
PKGGRESIK-PKGSOCAH(OW);JAWA TIMUR;3
PMTKEBOMAS-PMTKALIDERES;JABODETABEK;6
PPTASEMROWO-PPTBALARAJA;JABODETABEK;6
PPTASEMROWO-PPTJETIS;JAWA TIMUR;3
PPTASEMROWO-PPTKOSAMBI;;6
PPTPUNGGING-PPTKREMBANGAN;;3
PPTPUNGGING-PPTTANDES;JAWA TIMUR;3
PPTPUNGGING-PPTWARU;KOTA SURABAYA;2
QHLBRONDONG-QHLSIDOMULYO LAMPUNG;;8
RBFBEJI PASURUAN-LTLBATUCEPER;JABODETABEK;6
RPIPANDAAN-RPICIKARANG UTARA;JABODETABEK;6
RPIPANDAAN-RPIJATIUWUNG;JABODETABEK;6
RPISUKOREJO-RPICIKARANG UTARA;JABODETABEK;6
RPISUKOREJO-RPICIKARANG UTARA;JABODETABEK;6
RPISUKOREJO-RPICIKARANG UTARA;JABODETABEK;6
RPISUKOREJO-RPICIKARANG UTARA;JABODETABEK;6
RPISUKOREJO-RPIJATIUWUNG;JABODETABEK;6
RPIWARU-RPICENGKARENG;JABODETABEK;6
RPIWARU-RPICIKARANG UTARA;JABODETABEK;6
RPIWARU-RPICOLOMADU;JAWA TENGAH;5
RPIWARU-RPIPANDAAN;KOTA SURABAYA;2
RPTCENGKARENG-RPTPUNGGING;JABODETABEK;6
RPTCENGKARENG-RPTPUNGGING;JABODETABEK;6
RPTCENGKARENG-RPTPUNGGING;JABODETABEK;6
RPTCILINCING-RPTPUNGGING;JAWA TIMUR;3
RPTCILINCING-RPTPUNGGING;JAWA TIMUR;3
RPTKRAMATWATU-RPTPUNGGING;KOTA SURABAYA;2
RPTPUNGGING(PP)-RPTPENJARINGAN;JABODETABEK;6
RPTPUNGGING-RPTCILINCING;JABODETABEK;6
RPTPUNGGING-RPTCILINCING;JABODETABEK;6
RPTPUNGGING-RPTCILINCING;JABODETABEK;6
RPTPUNGGING-RPTKRAMATWATU;BANTEN;5
RPTPUNGGING-RPTNGALIYAN;JAWA TENGAH;5
RPTPUNGGING-RPTSERANG;;7
RPTRAWALUMBU-RPTPUNGGING;JAWA TIMUR;3
RTIASEMROWO-RTICIKUPA;JABODETABEK;6
SAFGEDANGAN-SAFCAKUNG;JABODETABEK;6
SCIKEBOMAS-SCIBUDURAN;KOTA SURABAYA;2
SCIKEBOMAS-SCIGEDANGAN;KOTA SURABAYA;2
SCIKEBOMAS-SCIGEDANGAN;KOTA SURABAYA;2
SCIKEBOMAS-SCIGENDING;JAWA TIMUR;3
SCIKEBOMAS-SCIGENDING;JAWA TIMUR;3
SCIKEBOMAS-SCIGENDING;KOTA SURABAYA;2
SCIKEBOMAS-SCIGENTENG;KOTA SURABAYA;2
SCIKEBOMAS-SCIGRESIK;KOTA SURABAYA;2
SCIKEBOMAS-SCIKANIGARAN;JAWA TIMUR;3
SCIKEBOMAS-SCIKANIGARAN;JAWA TIMUR;3
SCIKEBOMAS-SCIKEDUNGKANDANG;JAWA TIMUR;3
SCIKEBOMAS-SCIKRIAN;KOTA SURABAYA;2
SCIKEBOMAS-SCIKRIAN;KOTA SURABAYA;2
SCIKEBOMAS-SCIKRIAN;KOTA SURABAYA;2
SCIKEBOMAS-SCIKRIAN;KOTA SURABAYA;2
SCIKEBOMAS-SCIKRIAN;KOTA SURABAYA;2
SCIKEBOMAS-SCIKRIAN;KOTA SURABAYA;2
SCIKEBOMAS-SCIKRIAN;KOTA SURABAYA;2
SCIKEBOMAS-SCIKRIAN;KOTA SURABAYA;2
SCIKEBOMAS-SCILAWANG;JAWA TIMUR;3
SCIKEBOMAS-SCIPANDAAN;JAWA TIMUR;3
SCIKEBOMAS-SCIPANDAAN;JAWA TIMUR;3
SCIKEBOMAS-SCIPANDAAN;JAWA TIMUR;3
SCIKEBOMAS-SCIPANGGUNGREJO;JAWA TIMUR;3
SCIKEBOMAS-SCIRUNGKUT;KOTA SURABAYA;2
SCIKEBOMAS-SCISEDATI;KOTA SURABAYA;2
SCIKEBOMAS-SCISIDOARJO;KOTA SURABAYA;2
SCIKEBOMAS-SCISIDOARJO;KOTA SURABAYA;2
SCIKEBOMAS-SCISIDOARJO;KOTA SURABAYA;2
SCIKEBOMAS-SCISIDOARJO;KOTA SURABAYA;2
SCIKEBOMAS-SCISINGOSARI;JAWA TIMUR;3
SCIKEBOMAS-SCISINGOSARI;JAWA TIMUR;3
SCIKEBOMAS-SCISINGOSARI;JAWA TIMUR;3
SCIKEBOMAS-SCISUKOMANUNGGAL;KOTA SURABAYA;2
SCIKEBOMAS-SCISUKOMANUNGGAL;KOTA SURABAYA;2
SCIKEBOMAS-SCIWARU;KOTA SURABAYA;2
SCIKEBOMAS-SCIWARU;KOTA SURABAYA;2
SCIKEBOMAS-SCIWARU;KOTA SURABAYA;2
SCIKEBOMAS-SCIWARU;KOTA SURABAYA;2
SCIKEBOMAS-SCIWONOAYU;KOTA SURABAYA;2
SCIKEBOMAS-SCIWONOAYU;KOTA SURABAYA;2
SCIKEBOMAS-SCIWONOAYU;KOTA SURABAYA;2
SCIPABEAN CANTIKAN-SCIKEBOMAS;KOTA SURABAYA;2
SCIPABEAN CANTIKAN-SCIKEBOMAS;KOTA SURABAYA;2
SCIPABEAN CANTIKAN-SCIKEBOMAS;KOTA SURABAYA;2
SCIPABEAN CANTIKAN-SCIKEBOMAS;KOTA SURABAYA;2
SCIPABEAN CANTIKAN-SCIKEBOMAS;KOTA SURABAYA;2
SCISIDOARJO-SCIKEBOMAS;KOTA SURABAYA;2
SCISINGOSARI-SCIKEBOMAS(BL);KOTA SURABAYA;2
SDNKABAT-SDNPENJARINGAN;JABODETABEK;6
SDNKALIWATES-SDNBATANG;JAWA TENGAH;5
SDNRUNGKUT TENGAH-SDNNGALIYAN;JAWA TENGAH;5
SDNRUNGKUT TENGAH-SDNSAPEN;JAWA BARAT;6
SDNRUNGKUT-SDNKRAMAT;JAWA TENGAH;5
SDNRUNGKUT-SDNMANYAR;KOTA SURABAYA;2
SDNRUNGKUT-SDNNGALIYAN;JAWA TENGAH;5
SDNRUNGKUT-SDNNGALIYAN;JAWA TENGAH;5
SDNRUNGKUT-SDNNGALIYAN;JAWA TENGAH;5
SDNRUNGKUT-SDNPENJARINGAN;JABODETABEK;6
SDNRUNGKUT-SDNPENJARINGAN;JABODETABEK;6
SDNRUNGKUT-SDNPENJARINGAN;JABODETABEK;6
SDNRUNGKUT-SDNSUKOHARJO;JAWA TENGAH;5
SDNRUNGKUT-SDNSUKOLILO;KOTA SURABAYA;2
SDNSIDOARJO-SDNBUAH BATU;JABODETABEK;6
SHPMARGOREJO-SHPCIKARANG UTARA;JABODETABEK;6
SHPREMBANG-SHPBANTARGEBANG;JABODETABEK;6
SHPREMBANG-SHPBANTARGEBANG;JABODETABEK;6
SLPGRESIK(1P)-SLPNGALIYAN;JAWA TENGAH;5
SLPGRESIK(1P)-SLPPOLANHARJO;JAWA TENGAH;5
SLPGRESIK(1P)-SLPREMBANG;JAWA TENGAH;5
SLPGRESIK(PP)-SLPARGOMULYO SALATIGA;JAWA TENGAH;5
SLPGRESIK(PP)-SLPBANGUNTAPAN;JAWA TENGAH;5
SLPGRESIK(PP)-SLPKOTA KUDUS;JAWA TENGAH;5
SLPGRESIK(PP)-SLPMUNGKID;JAWA TENGAH;5
SLPGRESIK(PP)-SLPNGALIYAN;JAWA TENGAH;5
SLPGRESIK(PP)-SLPSUKOHARJO;JAWA TENGAH;5
SLPGRESIK-SLPCIAWI;JABODETABEK;6
SLPGRESIK-SLPCIBADAK SUKABUMI;JAWA BARAT;6
SLPGRESIK-SLPCIKUPA;JABODETABEK;6
SLPGRESIK-SLPKENDAL;JAWA TENGAH;5
SLPGRESIK-SLPMUNGKID;;5
SLPGRESIK-SLPNGALIYAN;JAWA TENGAH;5
SLPGRESIK-SLPPOLANHARJO;JAWA TENGAH;5
SLPGRESIK-SLPREMBANG;JAWA TIMUR;3
SLPGRESIK-SLPSAYUNG;JAWA TENGAH;5
SLPGRESIK-SLPSUKOHARJO;JAWA TENGAH;5
SMRPABEAN CANTIAN-SMRRUNGKUT;KOTA SURABAYA;2
SMRRUNGKUT TENGAH-SMRMAGELANG;JAWA TENGAH;5
SMRRUNGKUT TENGAH-SMRMAGELANG;JAWA TENGAH;5
SMRRUNGKUT(1P)-SMRBANGUNTAPAN;JAWA TENGAH;5
SMRRUNGKUT(1P)-SMRBANGUNTAPAN;JAWA TENGAH;5
SMRRUNGKUT(1P)-SMRBATANG;JAWA TENGAH;5
SMRRUNGKUT(1P)-SMRBUARAN;JAWA TENGAH;5
SMRRUNGKUT(1P)-SMRBUTUH;JAWA TENGAH;5
SMRRUNGKUT(1P)-SMRCOMAL;JAWA TENGAH;5
SMRRUNGKUT(1P)-SMRKEMBARAN;JAWA TENGAH;5
SMRRUNGKUT(1P)-SMRKRAMAT TEGAL;JAWA TENGAH;5
SMRRUNGKUT(1P)-SMRKRAMAT TEGAL;JAWA TENGAH;5
SMRRUNGKUT(1P)-SMRMUNGKID;JAWA TENGAH;5
SMRRUNGKUT(1P)-SMRMUNGKID;JAWA TENGAH;5
SMRRUNGKUT(1P)-SMRNGALIYAN;JAWA TENGAH;5
SMRRUNGKUT(1P)-SMRNGALIYAN;JAWA TENGAH;5
SMRRUNGKUT(1P)-SMRNGALIYAN(MT);JAWA TENGAH;5
SMRRUNGKUT(1P)-SMRPAGUYANGAN;JAWA TENGAH;2
SMRRUNGKUT(1P)-SMRPATI;JAWA TENGAH;5
SMRRUNGKUT(1P)-SMRREMBANG;JAWA TENGAH;5
SMRRUNGKUT(1P)-SMRSUKOHARJO;JAWA TENGAH;5
SMRRUNGKUT(1P)-SMRSUKOHARJO;JAWA TENGAH;5
SMRRUNGKUT(1P)-SMRUNGARAN TIMUR;JAWA TENGAH;5
SMRRUNGKUT(1P)-SMRUNGARAN TIMUR;JAWA TENGAH;5
SMRRUNGKUT(1P)-SMRWONOSALAM DEMAK;JAWA TENGAH;5
SMRRUNGKUT(PP)-SMRBANGUNTAPAN;BALI;5
SMRRUNGKUT(PP)-SMRBANGUNTAPAN(MT);JAWA TENGAH;5
SMRRUNGKUT(PP)-SMRBANGUNTAPAN(MT);JAWA TENGAH;5
SMRRUNGKUT(PP)-SMRKRAMAT TEGAL;JAWA TENGAH;5
SMRRUNGKUT(PP)-SMRMAGELANG TENGAH;JAWA TENGAH;5
SMRRUNGKUT(PP)-SMRMUNGKID;JAWA TENGAH;5
SMRRUNGKUT(PP)-SMRNGALIYAN;JAWA TENGAH;5
SMRRUNGKUT(PP)-SMRNGALIYAN(MT);JAWA TENGAH;5
SMRRUNGKUT(PP)-SMRNGALIYAN(MT);JAWA TENGAH;5
SMRRUNGKUT(PP)-SMRPATI;JAWA TENGAH;5
SMRRUNGKUT(PP)-SMRPOLANHARJO;JAWA TENGAH;5
SMRRUNGKUT(PP)-SMRPOLANHARJO(MT);JAWA TENGAH;5
SMRRUNGKUT(PP)-SMRPOLANHARJO(MT);JAWA TENGAH;5
SMRRUNGKUT(PP)-SMRPRINGSURAT;JAWA TENGAH;5
SMRRUNGKUT(PP)-SMRREMBANG;JAWA TIMUR;3
SMRRUNGKUT(PP)-SMRSLEMAN;JAWA TENGAH;5
SMRRUNGKUT(PP)-SMRSUKOHARJO;JAWA TENGAH;5
SMRRUNGKUT(PP)-SMRSUKOHARJO(MT);JAWA TENGAH;5
SMRRUNGKUT(PP)-SMRSUKOHARJO(MT);JAWA TENGAH;5
SMRRUNGKUT-SMRASEMROWO;KOTA SURABAYA;2
SMRRUNGKUT-SMRBABAT;JAWA TIMUR;3
SMRRUNGKUT-SMRBABAT;JAWA TIMUR;3
SMRRUNGKUT-SMRBABAT(BL);JAWA TIMUR;3
SMRRUNGKUT-SMRBANGKALAN;JAWA TIMUR;3
SMRRUNGKUT-SMRBANGUNTAPAN;JAWA TENGAH;5
SMRRUNGKUT-SMRBANGUNTAPAN;JAWA TENGAH;5
SMRRUNGKUT-SMRBANGUNTAPAN;JAWA TENGAH;5
SMRRUNGKUT-SMRBANGUNTAPAN;JAWA TENGAH;5
SMRRUNGKUT-SMRBANGUNTAPAN;JAWA TENGAH;5
SMRRUNGKUT-SMRBANGUNTAPAN(PP);JAWA TENGAH;5
SMRRUNGKUT-SMRBEJI PASURUAN;JAWA TIMUR;3
SMRRUNGKUT-SMRBLIMBING;JAWA TIMUR;3
SMRRUNGKUT-SMRBLIMBING(MT);JAWA TIMUR;3
SMRRUNGKUT-SMRBUAH BATU;JAWA BARAT;6
SMRRUNGKUT-SMRBUARAN;JAWA TENGAH;5
SMRRUNGKUT-SMRBULELENG;BALI;5
SMRRUNGKUT-SMRCAKUNG;JABODETABEK;6
SMRRUNGKUT-SMRCIAWI;JABODETABEK;6
SMRRUNGKUT-SMRCIAWI;JAWA BARAT;6
SMRRUNGKUT-SMRCIBADAK SUKABUMI;JAWA BARAT;6
SMRRUNGKUT-SMRCIBINONG;JABODETABEK;6
SMRRUNGKUT-SMRCIBITUNG;JABODETABEK;6
SMRRUNGKUT-SMRCIKARANG SELATAN;JABODETABEK;6
SMRRUNGKUT-SMRCIKARANG UTARA;JABODETABEK;6
SMRRUNGKUT-SMRCIKUPA;JABODETABEK;6
SMRRUNGKUT-SMRCILACAP TENGAH;JAWA TENGAH;5
SMRRUNGKUT-SMRCILINCING;JABODETABEK;6
SMRRUNGKUT-SMRCIMANGGIS;JABODETABEK;6
SMRRUNGKUT-SMRDRIYOREJO;KOTA SURABAYA;3
SMRRUNGKUT-SMRDUDUKSAMPEYAN;KOTA SURABAYA;2
SMRRUNGKUT-SMRDUDUKSAMPEYAN(MT);KOTA SURABAYA;2
SMRRUNGKUT-SMRGAMPENGREJO;JAWA TIMUR;3
SMRRUNGKUT-SMRGARUM;JAWA TIMUR;3
SMRRUNGKUT-SMRGEDANGAN;KOTA SURABAYA;2
SMRRUNGKUT-SMRGEDANGAN;KOTA SURABAYA;2
SMRRUNGKUT-SMRGROGOL SUKOHARJO;JAWA TENGAH;5
SMRRUNGKUT-SMRGUNUNGANYAR;KOTA SURABAYA;2
SMRRUNGKUT-SMRJAMBANGAN;KOTA SURABAYA;2
SMRRUNGKUT-SMRJATEN;JAWA TENGAH;5
SMRRUNGKUT-SMRJATEN;JAWA TENGAH;5
SMRRUNGKUT-SMRJOGOROTO;JAWA TIMUR;3
SMRRUNGKUT-SMRJOGOROTO(MT);JAWA TIMUR;3
SMRRUNGKUT-SMRJOGOROTO(MT);JAWA TIMUR;3
SMRRUNGKUT-SMRKABAT;JAWA TIMUR;3
SMRRUNGKUT-SMRKARANGANOM;JAWA TENGAH;5
SMRRUNGKUT-SMRKARANGANOM;JAWA TENGAH;5
SMRRUNGKUT-SMRKARANGANOM;JAWA TENGAH;5
SMRRUNGKUT-SMRKARANGANOM;JAWA TENGAH;5
SMRRUNGKUT-SMRKARAWACI;JABODETABEK;6
SMRRUNGKUT-SMRKARAWANG BARAT;JAWA BARAT;6
SMRRUNGKUT-SMRKEDUNGWARU;JAWA TIMUR;3
SMRRUNGKUT-SMRKEMBARAN;JAWA TENGAH;5
SMRRUNGKUT-SMRKEMBARAN;JAWA TENGAH;5
SMRRUNGKUT-SMRKENDAL;JAWA TENGAH;5
SMRRUNGKUT-SMRKRAJAN;JAWA TENGAH;5
SMRRUNGKUT-SMRKRAMAT;JAWA TENGAH;5
SMRRUNGKUT-SMRKRAMAT;JAWA TENGAH;5
SMRRUNGKUT-SMRKRAMAT;JAWA TENGAH;5
SMRRUNGKUT-SMRKRAMAT;JAWA TENGAH;5
SMRRUNGKUT-SMRKRAMAT;JAWA TENGAH;5
SMRRUNGKUT-SMRKRAMAT TEGAL;JAWA TENGAH;5
SMRRUNGKUT-SMRKRAMAT TEGAL;JAWA TENGAH;5
SMRRUNGKUT-SMRKUTA UTARA;BALI;5
SMRRUNGKUT-SMRKUTA UTARA;BALI;5
SMRRUNGKUT-SMRKUTA UTARA;BALI;5
SMRRUNGKUT-SMRKUTA UTARA;BALI;5
SMRRUNGKUT-SMRKUTA UTARA;BALI;5
SMRRUNGKUT-SMRLAMONGAN;JAWA TIMUR;3
SMRRUNGKUT-SMRMANGUHARJO;JAWA TIMUR;3
SMRRUNGKUT-SMRMAYANGAN;JAWA TIMUR;3
SMRRUNGKUT-SMRMEDAN SATRIA;JABODETABEK;6
SMRRUNGKUT-SMRMUNGKID;JAWA TENGAH;5
SMRRUNGKUT-SMRMUNGKID;JAWA TENGAH;5
SMRRUNGKUT-SMRMUNGKID;JAWA TENGAH;5
SMRRUNGKUT-SMRMUNGKID;JAWA TENGAH;5
SMRRUNGKUT-SMRMUNGKID;JAWA TENGAH;5
SMRRUNGKUT-SMRNGADILUWIH;JAWA TIMUR;3
SMRRUNGKUT-SMRNGALIYAN;JAWA TENGAH;5
SMRRUNGKUT-SMRNGALIYAN;JAWA TENGAH;5
SMRRUNGKUT-SMRNGALIYAN;JAWA TENGAH;5
SMRRUNGKUT-SMRNGALIYAN;JAWA TENGAH;5
SMRRUNGKUT-SMRNGALIYAN;JAWA TENGAH;5
SMRRUNGKUT-SMRNGALIYAN;JAWA TENGAH;5
SMRRUNGKUT-SMRPABEAN CANTIAN;KOTA SURABAYA;2
SMRRUNGKUT-SMRPADALARANG;JABODETABEK;6
SMRRUNGKUT-SMRPANDAAN;JAWA TIMUR;3
SMRRUNGKUT-SMRPANJI;JAWA TIMUR;3
SMRRUNGKUT-SMRPATI;JAWA TENGAH;5
SMRRUNGKUT-SMRPATI;JAWA TENGAH;5
SMRRUNGKUT-SMRPEKALIPAN;JAWA BARAT;6
SMRRUNGKUT-SMRPEKALIPAN;JAWA BARAT;6
SMRRUNGKUT-SMRPEKALIPAN;JAWA BARAT;6
SMRRUNGKUT-SMRPEKALIPAN;JAWA BARAT;6
SMRRUNGKUT-SMRPENJARINGAN;JABODETABEK;6
SMRRUNGKUT-SMRPENJARINGAN;JABODETABEK;6
SMRRUNGKUT-SMRPENJARINGAN;JABODETABEK;6
SMRRUNGKUT-SMRPENJARINGAN;JABODETABEK;6
SMRRUNGKUT-SMRPENJARINGAN;JABODETABEK;6
SMRRUNGKUT-SMRPENJARINGAN;JABODETABEK;6
SMRRUNGKUT-SMRPENJARINGAN;JABODETABEK;6
SMRRUNGKUT-SMRPOLANHARJO;JAWA TENGAH;5
SMRRUNGKUT-SMRPOLANHARJO;JAWA TENGAH;5
SMRRUNGKUT-SMRPOLANHARJO(1P);JAWA TENGAH;5
SMRRUNGKUT-SMRPORONG;JAWA TIMUR;3
SMRRUNGKUT-SMRPURWODADI;JAWA TENGAH;5
SMRRUNGKUT-SMRREMBANG;JAWA TENGAH;5
SMRRUNGKUT-SMRREMBANG;JAWA TENGAH;5
SMRRUNGKUT-SMRREMBANG;JAWA TENGAH;5
SMRRUNGKUT-SMRREMBANG(PP);JAWA TENGAH;5
SMRRUNGKUT-SMRRUNGKUT;KOTA SURABAYA;2
SMRRUNGKUT-SMRRUNGKUT;KOTA SURABAYA;2
SMRRUNGKUT-SMRSAWAHAN SURABAYA;KOTA SURABAYA;2
SMRRUNGKUT-SMRSAYUNG;JAWA TENGAH;5
SMRRUNGKUT-SMRSIDOARJO;KOTA SURABAYA;2
SMRRUNGKUT-SMRSIDOARJO(PALLET);KOTA SURABAYA;2
SMRRUNGKUT-SMRSIDOARJO(PALLET);KOTA SURABAYA;2
SMRRUNGKUT-SMRSLEMAN;JAWA TENGAH;5
SMRRUNGKUT-SMRSUKOHARJO;JAWA TENGAH;5
SMRRUNGKUT-SMRSUKOHARJO;JAWA TENGAH;5
SMRRUNGKUT-SMRSUKOHARJO;JAWA TENGAH;5
SMRRUNGKUT-SMRSUKOHARJO;JAWA TENGAH;5
SMRRUNGKUT-SMRSUKOHARJO;JAWA TENGAH;5
SMRRUNGKUT-SMRSUKOHARJO;JAWA TENGAH;5
SMRRUNGKUT-SMRSUKOLILO;KOTA SURABAYA;2
SMRRUNGKUT-SMRSUMBER SARI;JAWA TIMUR;3
SMRRUNGKUT-SMRSUMBERSARI(MT);JAWA TIMUR;3
SMRRUNGKUT-SMRTAMBUN SELATAN;JABODETABEK;6
SMRRUNGKUT-SMRTANJUNGANOM;JAWA TIMUR;3
SMRRUNGKUT-SMRTEMBALANG;JAWA TENGAH;5
SMRRUNGKUT-SMRTENGARAN;JAWA TENGAH;5
SMRRUNGKUT-SMRTROWULAN;KOTA SURABAYA;2
SMRRUNGKUT-SMRTROWULAN;KOTA SURABAYA;2
SMRRUNGKUT-SMRTUBAN(BL);JAWA TIMUR;3
SMRRUNGKUT-SMRWARU;KOTA SURABAYA;2
SMRRUNGKUT-SMRWARU;KOTA SURABAYA;2
SMRRUNGKUT-SMRWERU;JAWA TENGAH;5
SMRSIDOARJO(PALLET)-SMRRUNGKUT;KOTA SURABAYA;2
SMRSIDOARJO(PALLET)-SMRRUNGKUT;KOTA SURABAYA;2
SNHKEBOMAS-SNHASEMROWO;KOTA SURABAYA;2
SPRKARANGPILANG-SPRMENGANTI;KOTA SURABAYA;2
SSODRIYOREJO(1P)-SSOKASIHAN;JAWA TENGAH;5
SSODRIYOREJO(1P)-SSOPATI;JAWA TENGAH;5
SSODRIYOREJO(1P)-SSOREMBANG;JAWA TENGAH;5
SSODRIYOREJO(1P)-SSOSEMARANG BARAT;JAWA TENGAH;5
SSODRIYOREJO(1P)-SSOUNGARAN TIMUR;JAWA TENGAH;5
SSODRIYOREJO(PP)-SSOKARTASURA;JAWA TENGAH;5
SSODRIYOREJO(PP)-SSOKASIHAN;JAWA TENGAH;5
SSODRIYOREJO(PP)-SSOPATI;JAWA TENGAH;5
SSODRIYOREJO(PP)-SSOPEDURUNGAN;JAWA TENGAH;5
SSODRIYOREJO(PP)-SSOSEMARANG BARAT;JAWA TENGAH;5
SSODRIYOREJO(PP)-SSOUNGARAN TIMUR;JAWA BARAT;6
SSODRIYOREJO-SSOBUNGURSARI;JAWA BARAT;6
SSODRIYOREJO-SSOKASIHAN;JAWA TENGAH;5
SSODRIYOREJO-SSOKASIHAN;JAWA TENGAH;5
SSODRIYOREJO-SSONGAMPRAH;JAWA BARAT;6
SSODRIYOREJO-SSOPATI;JAWA TENGAH;5
SSODRIYOREJO-SSOPATI;JAWA TENGAH;5
SSODRIYOREJO-SSOPEDURUNGAN;JAWA TENGAH;5
SSODRIYOREJO-SSOUNGARAN TIMUR;JAWA TENGAH;5
SSOKEBOMAS(1P)-SSOPATI;JAWA TENGAH;5
SSOKEBOMAS(1P)-SSOPOLANHARJO;JAWA TENGAH;5
SSOKEBOMAS(1P)-SSOREMBANG;JAWA TENGAH;5
SSOKEBOMAS(PP)-SSOKASIHAN;JAWA TENGAH;5
SSOKEBOMAS(PP)-SSOUNGARAN TIMUR;JAWA TENGAH;5
SSOKEBOMAS-SSODRIYOREJO;KOTA SURABAYA;2
SSOKEBOMAS-SSOKARTASURA;JAWA TENGAH;5
SSOKEBOMAS-SSOUNGARAN TIMUR;KOTA SURABAYA;2
SSOMOJOSARI(1P)-SSOREMBANG;JAWA TENGAH;5
SSOMOJOSARI(1P)-SSOUNGARAN TIMUR;JAWA TENGAH;5
SSOMOJOSARI-SSOARJAWINANGUN;JAWA BARAT;6
SSOMOJOSARI-SSOARJAWINANGUN(PP);JAWA BARAT;6
SSOMOJOSARI-SSOBABAKAN MADANG;JABODETABEK;6
SSOMOJOSARI-SSOBERGAS;JAWA TENGAH;5
SSOMOJOSARI-SSOBOJONGLOA KIDUL;JAWA BARAT;6
SSOMOJOSARI-SSOBUNGURSARI;JAWA BARAT;6
SSOMOJOSARI-SSOCIKARANG BARAT;JABODETABEK;6
SSOMOJOSARI-SSOCIKARANG UTARA;JABODETABEK;6
SSOMOJOSARI-SSOCIKUPA;JABODETABEK;6
SSOMOJOSARI-SSOCIKUPA;JABODETABEK;6
SSOMOJOSARI-SSOCISAAT;JAWA BARAT;6
SSOMOJOSARI-SSOCURUG;JABODETABEK;6
SSOMOJOSARI-SSOGEMPOL;JAWA BARAT;6
SSOMOJOSARI-SSOJAGAKARSA;JABODETABEK;6
SSOMOJOSARI-SSOJATIWANGI;JAWA BARAT;6
SSOMOJOSARI-SSOJATIWANGI(PP);JAWA BARAT;6
SSOMOJOSARI-SSOJUNTINYUAT;JAWA BARAT;6
SSOMOJOSARI-SSOJUNTINYUAT(PP);JAWA BARAT;6
SSOMOJOSARI-SSOKALIDERES;JABODETABEK;6
SSOMOJOSARI-SSOKARAWANG BARAT;JAWA BARAT;6
SSOMOJOSARI-SSOKASIHAN;JAWA TENGAH;5
SSOMOJOSARI-SSOKRAMAT;JAWA TENGAH;5
SSOMOJOSARI-SSOKUNINGAN;JAWA BARAT;6
SSOMOJOSARI-SSOKUNINGAN(PP);JAWA BARAT;6
SSOMOJOSARI-SSOLOSARANG;JAWA BARAT;6
SSOMOJOSARI-SSOLOSARANG(PP);JAWA BARAT;6
SSOMOJOSARI-SSOLOSARI;JAWA BARAT;6
SSOMOJOSARI-SSOLOSARI(PP);JAWA TENGAH;5
SSOMOJOSARI-SSOMAOS CILACAP;JAWA TENGAH;5
SSOMOJOSARI-SSOMEDAN SATRIA;JABODETABEK;6
SSOMOJOSARI-SSONGAMPRAH;JAWA BARAT;6
SSOMOJOSARI-SSOPAMANUKAN;JAWA BARAT;6
SSOMOJOSARI-SSOPEDURUNGAN;JAWA TENGAH;5
SSOMOJOSARI-SSOPURWOKERTO SELATAN;JAWA TENGAH;5
SSOMOJOSARI-SSORANCAEKEK;JAWA BARAT;6
SSOMOJOSARI-SSORAWALUMBU;JABODETABEK;6
SSOMOJOSARI-SSOSEMARANG BARAT;JAWA TENGAH;5
SSOMOJOSARI-SSOSERANG;BANTEN;5
SSOMOJOSARI-SSOSUKOHARJO;JAWA TENGAH;5
SSOPANDAAN-SSOBERGAS;JAWA TENGAH;5
SSOPANDAAN-SSOGEMPOL;JAWA BARAT;6
SSOPANDAAN-SSOKASIHAN;JAWA TENGAH;5
SSOPANDAAN-SSOKRAMAT;JAWA TENGAH;5
SSOPANDAAN-SSOPURWOKERTO SELATAN;JAWA TENGAH;5
SSOPANDAAN-SSORANCAEKEK;;6
TAGPOLANHARJO(1P)-TAGDENPASAR UTARA;;6
TIVBENOWO(1P)-TIVPOLANHARJO;JAWA TENGAH;5
TIVBENOWO(LS)-TIVBENOWO(LS);KOTA SURABAYA;2
TIVBENOWO(PP)-TIVPOLANHARJO;JAWA TENGAH;5
TIVBENOWO-TIVBATUJAJAR;JABODETABEK;6
TIVBENOWO-TIVBEJI;JAWA TIMUR;3
TIVBENOWO-TIVBEJI PASURUAN;KOTA SURABAYA;2
TIVBENOWO-TIVBEJI PASURUAN;KOTA SURABAYA;2
TIVBENOWO-TIVBEJI PASURUAN;KOTA SURABAYA;2
TIVBENOWO-TIVCICURUG;JAWA BARAT;6
TIVBENOWO-TIVCICURUG;JABODETABEK;6
TIVBENOWO-TIVCIKARANG PUSAT;JABODETABEK;6
TIVBENOWO-TIVCIKARANG PUSAT;JABODETABEK;6
TIVBENOWO-TIVCIKUPA;JABODETABEK;6
TIVBENOWO-TIVCIKUPA;JABODETABEK;6
TIVBENOWO-TIVCIKUPA;JABODETABEK;6
TIVBENOWO-TIVCIKUPA;JABODETABEK;6
TIVBENOWO-TIVCITEUREUP;JABODETABEK;6
TIVBENOWO-TIVCITEUREUP;JABODETABEK;6
TIVBENOWO-TIVGEDANGAN;KOTA SURABAYA;2
TIVBENOWO-TIVGEDANGAN;KOTA SURABAYA;2
TIVBENOWO-TIVGEDANGAN;KOTA SURABAYA;2
TIVBENOWO-TIVGEDANGAN;KOTA SURABAYA;2
TIVBENOWO-TIVGEDANGAN;KOTA SURABAYA;2
TIVBENOWO-TIVGEKBRONG;JABODETABEK;6
TIVBENOWO-TIVGEMPOL;KOTA SURABAYA;2
TIVBENOWO-TIVGEMPOL;KOTA SURABAYA;2
TIVBENOWO-TIVGEMPOL;KOTA SURABAYA;2
TIVBENOWO-TIVKERAMBITAN;BALI;5
TIVBENOWO-TIVKERAMBITAN;BALI;5
TIVBENOWO-TIVKERAMBITAN;BALI;5
TIVBENOWO-TIVKERAMBITAN;BALI;5
TIVBENOWO-TIVKERAMBITAN;BALI;5
TIVBENOWO-TIVNGORO;KOTA SURABAYA;2
TIVBENOWO-TIVNGORO;KOTA SURABAYA;2
TIVBENOWO-TIVNGORO;KOTA SURABAYA;2
TIVBENOWO-TIVPANDAAN;KOTA SURABAYA;2
TIVBENOWO-TIVPANDAAN;KOTA SURABAYA;2
TIVBENOWO-TIVPANDAAN;KOTA SURABAYA;2
TIVBENOWO-TIVPANDAAN;KOTA SURABAYA;2
TIVBENOWO-TIVPANDAAN;KOTA SURABAYA;2
TIVBENOWO-TIVPOLANHARJO;JAWA TENGAH;5
TIVBENOWO-TIVPOLANHARJO;JAWA TENGAH;5
TIVBENOWO-TIVPOLANHARJO;JAWA TENGAH;5
TIVBENOWO-TIVPOLANHARJO;JAWA TENGAH;5
TIVBENOWO-TIVPOLANHARJO;JAWA TENGAH;5
TIVBENOWO-TIVPOLANHARJO;JAWA TENGAH;5
TIVBENOWO-TIVPOLANHARJO(PP);JAWA TENGAH;5
TIVBENOWO-TIVSUKOREJO PASURUAN;KOTA SURABAYA;2
TIVBENOWO-TIVSUKOREJO PASURUAN;KOTA SURABAYA;2
TIVBENOWO-TIVSUKOREJO PASURUAN;KOTA SURABAYA;2
TIVBENOWO-TIVSUKOREJO PASURUAN;KOTA SURABAYA;2
TIVCAKUNG-TIVPANDAAN(1P);JABODETABEK;6
TIVGEMPOL-TIVPANDAAN PETUNG;JAWA TIMUR;3
TIVGEMPOL-TIVPANDAAN PETUNG;KOTA SURABAYA;2
TIVGRESIK-TIVPOLANHARJO;JAWA TENGAH;5
TIVKALIWATES-TIVPANDAAN PETUNG(BL);JAWA TIMUR;3
TIVKEBOMAS(1P)-TIVPOLANHARJO;;5
TIVKEBOMAS(PP)-TIVPOLANHARJO;;5
TIVKEBOMAS-TIVBEJI PASURUAN;JAWA TIMUR;3
TIVKEBOMAS-TIVCIKARANG PUSAT;JABODETABEK;6
TIVKEBOMAS-TIVGEDANGAN;JAWA TIMUR;3
TIVKEBOMAS-TIVGEDANGAN;KOTA SURABAYA;2
TIVKEBOMAS-TIVGEMPOL;KOTA SURABAYA;2
TIVKEBOMAS-TIVKLATEN;JAWA TENGAH;5
TIVKEBOMAS-TIVNGORO;KOTA SURABAYA;2
TIVKEBOMAS-TIVNGORO;KOTA SURABAYA;2
TIVKEBOMAS-TIVNGORO;KOTA SURABAYA;2
TIVKEBOMAS-TIVNGORO;KOTA SURABAYA;2
TIVKEBOMAS-TIVPANDAAN;JAWA TIMUR;3
TIVKEBOMAS-TIVPANDAAN;KOTA SURABAYA;2
TIVKEBOMAS-TIVPANDAAN;KOTA SURABAYA;2
TIVKEBOMAS-TIVPOLANHARJO;JAWA TENGAH;5
TIVKEBOMAS-TIVSUKOREJO PASURUAN;KOTA SURABAYA;2
TIVKEBOMAS-TIVSUKOREJO PASURUAN;KOTA SURABAYA;2
TIVKEDUNGKANDANG-TIVPANDAAN PETUNG(BL);KOTA SURABAYA;2
TIVKERAMBITAN-TIVGUNUNG PUTRI(BL);JABODETABEK;6
TIVNGORO-TIVBENOWO;KOTA SURABAYA;2
TIVPANDAAN PETUNG-TIVBEJI;JAWA TIMUR;3
TIVPANDAAN PETUNG-TIVBEJI PASURUAN;JAWA TIMUR;3
TIVPANDAAN PETUNG-TIVBULELENG;BALI;5
TIVPANDAAN PETUNG-TIVDAWAN;BALI;5
TIVPANDAAN PETUNG-TIVDENPASAR BARAT;BALI;5
TIVPANDAAN PETUNG-TIVDENPASAR BARAT;BALI;5
TIVPANDAAN PETUNG-TIVDUDUK SAMPEYAN;JAWA TIMUR;3
TIVPANDAAN PETUNG-TIVGEDANGAN;JAWA TIMUR;3
TIVPANDAAN PETUNG-TIVGUNUNG PUTRI;JABODETABEK;6
TIVPANDAAN PETUNG-TIVGUNUNG PUTRI;JABODETABEK;6
TIVPANDAAN PETUNG-TIVGUNUNG PUTRI;JAWA BARAT;6
TIVPANDAAN PETUNG-TIVKALIWATES;JAWA TIMUR;3
TIVPANDAAN PETUNG-TIVKARTASURA;BALI;5
TIVPANDAAN PETUNG-TIVKARTASURA;BALI;5
TIVPANDAAN PETUNG-TIVKEDUNGKANDANG;JAWA TIMUR;3
TIVPANDAAN PETUNG-TIVPAKISAJI;JAWA TIMUR;3
TIVPANDAAN PETUNG-TIVPANDAAN;JAWA TIMUR;3
TIVPANDAAN PETUNG-TIVRUNGKUT;JAWA TIMUR;3
TIVPANDAAN PETUNG-TIVSERIRIT;BALI;5
TIVPANDAAN PETUNG-TIVSINGOSARI;JAWA TIMUR;3
TIVPANDAAN PETUNG-TIVSUKODONO;JAWA TIMUR;3
TIVPANDAAN PETUNG-TIVSUKUN;JAWA TIMUR;3
TIVPANDAAN PETUNG-TIVSUMBER SARI;JAWA TIMUR;3
TIVPANDAAN PETUNG-TIVSUMOBITO;JAWA TIMUR;3
TIVPANDAAN PETUNG-TIVWARU;JAWA TIMUR;3
TIVPANDAAN(1P)-TIVPOLANHARJO;JAWA TENGAH;5
TIVPANDAAN(PP)-TIVBANGUNTAPAN;BALI;5
TIVPANDAAN(PP)-TIVKARTASURA;JAWA TENGAH;5
TIVPANDAAN(PP)-TIVNGALIYAN;JAWA TENGAH;5
TIVPANDAAN(PP)-TIVPOLANHARJO;JAWA TENGAH;5
TIVPANDAAN(PP)-TIVSUKOHARJO;JAWA TENGAH;5
TIVPANDAAN-TIVBANGUNTAPAN;JAWA TENGAH;5
TIVPANDAAN-TIVBANGUNTAPAN;BALI;5
TIVPANDAAN-TIVBEJI;JAWA TIMUR;3
TIVPANDAAN-TIVBEJI PASURUAN;JAWA TIMUR;3
TIVPANDAAN-TIVBEKASI UTARA;JABODETABEK;6
TIVPANDAAN-TIVBENOWO;JAWA TIMUR;3
TIVPANDAAN-TIVBULELENG;BALI;5
TIVPANDAAN-TIVBULELENG;BALI;5
TIVPANDAAN-TIVCAKUNG(1P);JABODETABEK;6
TIVPANDAAN-TIVCIKARANG UTARA;JABODETABEK;6
TIVPANDAAN-TIVDENPASAR BARAT;BALI;5
TIVPANDAAN-TIVDENPASAR BARAT;BALI;5
TIVPANDAAN-TIVDENPASAR BARAT;BALI;5
TIVPANDAAN-TIVDUDUK SAMPEYAN;JAWA TIMUR;3
TIVPANDAAN-TIVGEDANGAN;JAWA TIMUR;3
TIVPANDAAN-TIVGEKBRONG;JAWA BARAT;6
TIVPANDAAN-TIVGEKBRONG;JAWA BARAT;6
TIVPANDAAN-TIVGEKBRONG;JAWA BARAT;6
TIVPANDAAN-TIVGUNUNG PUTRI;JABODETABEK;6
TIVPANDAAN-TIVKALIWATES;JAWA TIMUR;3
TIVPANDAAN-TIVKARTASURA;JAWA TENGAH;5
TIVPANDAAN-TIVKARTASURA;JAWA TENGAH;5
TIVPANDAAN-TIVKEDUNGKANDANG;JAWA TIMUR;3
TIVPANDAAN-TIVKOTA BLORA;JAWA TENGAH;3
TIVPANDAAN-TIVKOTA KUDUS;JAWA TENGAH;5
TIVPANDAAN-TIVNGALIYAN;JAWA TENGAH;5
TIVPANDAAN-TIVNGALIYAN;JAWA TENGAH;5
TIVPANDAAN-TIVPAKISAJI;JAWA TIMUR;3
TIVPANDAAN-TIVPANDAAN PETUNG;JAWA TIMUR;3
TIVPANDAAN-TIVPANDAAN PETUNG (VIA JEMBER);JAWA TIMUR;3
TIVPANDAAN-TIVPOLANHARJO;JAWA TENGAH;5
TIVPANDAAN-TIVPURWASARI;JAWA BARAT;6
TIVPANDAAN-TIVRUNGKUT;JAWA TIMUR;3
TIVPANDAAN-TIVSERIRIT;BALI;5
TIVPANDAAN-TIVSINGOSARI;JAWA TIMUR;3
TIVPANDAAN-TIVSUKARAJA BOGOR;JABODETABEK;6
TIVPANDAAN-TIVSUKODONO;JAWA TIMUR;3
TIVPANDAAN-TIVSUKUN;JAWA TIMUR;3
TIVPANDAAN-TIVSUMBER SARI;JAWA TIMUR;3
TIVPANDAAN-TIVSUMBER SARI;JAWA TIMUR;3
TIVPANDAAN-TIVSUMOBITO;JAWA TIMUR;3
TIVPANDAAN-TIVWARU;JAWA TIMUR;3
TIVPANDAAN-TIVWONOSOBO;JAWA TENGAH;5
TIVPOLANHARJO-TIVBENOWO(1P);JAWA TENGAH;5
TIVPOLANHARJO-TIVPANDAAN(BL);JAWA TENGAH;5
TIVRUNGKUT-TIVASEMROWO;KOTA SURABAYA;2
TIVRUNGKUT-TIVBEJI;JAWA TIMUR;3
TIVRUNGKUT-TIVDUDUK SAMPEYAN;KOTA SURABAYA;2
TIVRUNGKUT-TIVGEDANGAN;KOTA SURABAYA;2
TIVRUNGKUT-TIVMULYOREJO;KOTA SURABAYA;2
TIVRUNGKUT-TIVPANDAAN PETUNG;KOTA SURABAYA;2
TIVRUNGKUT-TIVSUKODONO;KOTA SURABAYA;2
TIVRUNGKUT-TIVSUKUN;JAWA TIMUR;3
TIVRUNGKUT-TIVSUMOBITO;JAWA TIMUR;3
TIVRUNGKUT-TIVWARU;KOTA SURABAYA;2
TIVSINGOJURUH-TIVGUNUNG PUTRI(1P);JABODETABEK;6
TIVSINGOSARI-TIVPANDAAN PETUNG(BL);JAWA TIMUR;3
TIVSUMBER SARI-TIVPANDAAN PETUNG(BL);KOTA SURABAYA;2
TKBSALE REMBANG-TKBCURUG;JABODETABEK;6
TKBSALE REMBANG-TKBKIBIN;BANTEN;5
TMDNGALIYAN-TMDBAGOR;JAWA TENGAH;5
TMDSIDOARJO-TMDCIKARANG BARAT;JABODETABEK;6
TMDSIDOARJO-TMDCIKARANG BARAT;JABODETABEK;6
TMDSIDOARJO-TMDNGALIYAN;JAWA TENGAH;5
TPSJATEN-TPSSUMBERSARI(BL);;5
TSISUKOHARJO-TSITEMANGGUNG;JAWA TENGAH;4
UCIMANYAR(1P)-UCIBANGUNTAPAN;JAWA TENGAH;5
UCIMANYAR-UCIBANDUNG KULON;JAWA BARAT;6
UCIMANYAR-UCIBUAH BATU;JAWA BARAT;6
UCIMANYAR-UCICIKARANG UTARA;JABODETABEK;6
UCIMANYAR-UCICIKUPA;JABODETABEK;6
UCIMANYAR-UCICILEUNGSI;JABODETABEK;6
UCIMANYAR-UCIGAMBIR;JABODETABEK;6
UCIMANYAR-UCIGUNUNG SINDUR;;6
UCIMANYAR-UCIPANJANG LAMPUNG;LAMPUNG;7
UCIMANYAR-UCITAPOS;JAWA BARAT;6
UCISIDOARJO-UCIBANJAR AGUNG;LAMPUNG;7
UCISIDOARJO-UCIJAMBI SELATAN;JAMBI;9
UCISIDOARJO-UCIPUTRI HIJAU;BENGKULU;10
UCISIDOARJO-UCISEBERANG ULU I;SUMATERA SELATAN;8
UCISIDOARJO-UCITANJUNG KARANG TIMUR;LAMPUNG;7
UCISIDOHARJO SRAGEN-UCIDENPASAR UTARA;BALI;5
UNVKRIAN-UNVBUBUTAN;JABODETABEK;6
UNVKRIAN-UNVBUBUTAN;JABODETABEK;6
UVSARGOMULYO-UVSASEMROWO(BL);KOTA SURABAYA;2
WGNKARANG PILANG(OS)-WGNKALIDERES(OS);JABODETABEK;6
WGNKARANGPILANG-WGNBANDUNG KULON;JAWA BARAT;6
WGNKARANGPILANG-WGNGUNUNG SINDUR;JABODETABEK;6
WGNKARANGPILANG-WGNJATIUWUNG;JABODETABEK;6
WGNKARANGPILANG-WGNKALIDERES;JABODETABEK;6
WGNKRIAN-WGNBANDUNG KULON;JAWA BARAT;6
WGNKRIAN-WGNGUNUNG SINDUR;JABODETABEK;6
WGNKRIAN-WGNJATIUWUNG;JABODETABEK;6
WGNKRIAN-WGNKALIDERES;JABODETABEK;6
WPDNGALIYAN-WPDWELERI;JAWA TENGAH;5
WUJPANDAAN-WUJGROBOGAN;JAWA TENGAH;5
WUJPANDAAN-WUJKOTA KUDUS;JAWA TENGAH;5
WUJPANDAAN-WUJKOTA KUDUS;JAWA TENGAH;5
WUJPANDAAN-WUJNGALIYAN;JAWA TENGAH;5
WUJPANDAAN-WUJNGALIYAN;JAWA TENGAH;5
WUJPANDAAN-WUJNGAMPRAL;JAWA TENGAH;5
WUJPANDAAN-WUJPECANGAAN;JAWA TENGAH;5
WUJPANDAAN-WUJPECANGAAN;JAWA TENGAH;5
WUJPANDAAN-WUJREMBANG;JAWA TENGAH;5
WUJPANDAAN-WUJTAYU;JAWA TENGAH;5
